"카테고리","제목","좋아요","훈훈해요","슬퍼요","화나요","후속기사_원해요"
"정치 ","文대통령, ""임기 내 全국민 기본생활 보장""...‘보편복지’ 선언",38,2,4,1156,5
"정치 ","文대통령 ""모든 국민, 전 생애, 기본생활…포용국가 청사진""",29,1,0,160,0
"정치 ","“4년 내 모든 국민의 기본생활 보장” 포용국가 원년 선포한 文",0,0,0,1,0
"정치 ","문 대통령 ""모든 국민 기본생활 보장""...'사람 중심 경제' 기조 재확인",0,0,0,0,0
"정치 ","문대통령 27일 靑서 UAE 왕세제와 정상회담…""신산업·국방협력""(종합2보)",0,0,0,4,0
"정치 ","文 대통령, 27일 靑서 UAE 왕세제와 정상회담… 왕세제, 방한 첫날 삼성전자로",0,0,0,0,0
"정치 ","강경화 외교, 칼둔 UAE 행정청장 면담 ""4차산업 분야 협력확대""",0,0,0,0,0
"정치 ","靑, 'UAE 왕세제 방한에 칼둔 안온다' 보도에 ""오보""",0,0,0,0,0
"정치 ","청 과기보좌관 ‘여성과학인’ 이공주 교수",1,0,0,2,0
"정치 ","과기보좌관 이공주·새만금개발청장 김현숙",0,0,0,1,0
"정치 ","새만금개발청장에 김현숙, 청 과학기술보좌관에 이공주",4,0,0,2,0
"정치 ","靑 과학기술보좌관에 이공주 교수, 새만금청장 김현숙 교수",2,0,0,2,0
"정치 ","文 지지선언한 교수 불러 김경수 판결 불복 간담회 연 與",9,0,0,415,0
"정치 ","김경수 판결문 들고서 거리 나가는 집권여당",8,2,1,731,1
"정치 ","민주당 ""김경수 지사, 드루킹과 '공모'만 했지 '공동 범행' 아냐"" 판결문 분석",5,0,0,103,0
"정치 ","집권 여당의 '판결 불복' 공세…사법부 압박 부적절 비판론",2,0,0,78,1
"정치 ","文의장도 나섰지만 국회정상화 또다시 불발…오후 협상 취소(종합2보)",110,7,1,437,6
"정치 ","[여당] 문 의장도 중재 나섰지만…국회 정상화 또 '불발'",0,0,0,5,0
"정치 ","2월도 문 닫나?...얼어붙은 정국에 국회의장 서한까지",0,0,0,0,0
"정치 ","반년 넘게…쟁점법안 한 건도 처리못한 국회",3,0,0,13,0
"정치 ","민주·야3당, 선거제개혁 패스트트랙 공조…압박인가, 결행인가",0,0,0,4,0
"정치 ","선거제 개혁, '한국당 패싱'한 여야 4당 공조 가능할까",0,0,0,0,0
"정치 ","'한계점' 언급한 이해찬 ""선거제 개혁 등, 패스트트랙 고민"" ",9,0,0,30,0
"정치 ","한국당, ‘선거제 패스트트랙’ 움직임에 “국회 문 닫자는 것”",24,0,0,6,0
"정치 ","문희상 ""당장 국회 열지 않으면 '촛불 쓰나미' 국회 향할 수도"" 경고 서한",74,0,0,74,2
"정치 "," “이게 국회냐” 국회의장의 일성…‘일하는 국회’ 만들기 어떻게 되고 있나 ",5,0,0,5,0
"정치 "," ‘정상화’ 불발에…“이게 국회냐” 소리친 문희상 의장 ",1,0,0,1,1
"정치 ","문 의장, 전체 국회의원에게 친전 서한...“국회 지금 당장, 무조건 열려야 한다”",0,0,0,0,0
"정치 ","문대통령 ""美조야 일부, 北변화 의구심·회의론…초당외교 중요""(종합)",3,0,0,4,0
"정치 ","文대통령 “美조야 일부 아직 北불신, 이럴 때 초당 외교 중요”",2,0,0,153,0
"정치 ","靑 ""탄력근로제 합의 환영…타협 통한 새로운 길 보여준 이정표""",0,0,0,3,0
"정치 ","靑 ""경사노위 탄력근로제 합의 환영…후속 조치에 만전""",1,0,0,3,0
"정치 ","이총리 ""탄력근로제 노사 결단 감사…국회 빠른 협조 부탁""",0,0,0,4,0
"정치 ","홍영표 ""탄력근로제 입법""공언하면서 민노총과 비공개 회동",0,0,0,0,0
"정치 ","[한국당 3차 토론회] ‘박근혜 탄핵’...吳 “어쩔 수 없었다” 黃·金 “부당”",11,0,1,72,1
"정치 "," 황교안 “박근혜 돈 한 푼 받은 것 입증 안돼…탄핵 동의 못해” 궤변 ",94,0,1,104,1
"정치 ","북미, 의제조율 2단계 진행…비건-김혁철 22일 협상 예상(종합)",1,0,0,0,0
"정치 ","美 의제협상단 ‘순차 출발’ 전망…‘비건-김혁철’ 실무회담도 임박",0,0,0,0,0
"정치 ","김준교 ""저딴게 무슨 대통령""…'극우 막말' 논란에 한국당도 고민",50,2,6,141,8
"정치 ","""저딴 게 대통령"" 김준교 ""이 한 몸 던져서 희생할 각오 돼있다""",227,3,3,214,3
"정치 ","대형 이슈 너무 바쁜 文 대통령… 11개 부처 업무보고 서면으로",0,0,0,0,0
"정치 ","靑 ""대통령 부처 업무보고 서면으로…작년말 대면보고 7곳 제외""(종합)",10,1,0,56,0
"정치 ","빠듯한 시간…북·미 '낮은 단계' 별도 실무협상 관측",2,0,0,1,0
"정치 ","美의제협상팀 '순차출발' 관측…북미 실무회담 '2단계' 가능성",8,0,0,5,0
"정치 ","평화당 ""탄력근로제 합의 존중…국회 개원해 보완책 마련해야""",0,0,0,0,0
"정치 ","與, 탄력근로제 합의에 ""이제 국회 차례…입법으로 완성해야""",0,0,0,0,0
"정치 ","北 '비핵화 조치' 언급도 없는데…""美·北 연락사무소 개설 논의 중""",3,0,0,5,0
"정치 ","비핵화 상응조치 '연락사무소 개설' 급부상…이유는? [이슈+]",1,0,0,0,0
"정치 ","""저딴게 대통령"" 막말 후폭풍…한국당 안팎 비판 쇄도(종합)",302,6,2,290,2
"정치 "," “한국당이 과격분자 놀이터 되면 안돼”…우경화 쏠림에 당내 비판 고조 ",0,0,1,4,0
"정치 ","신한울 3·4호기 온도차 ‘뚜렷’…“공론화 vs 원전 제로 시기 정해야”",3,0,0,14,0
"정치 ","""신한울 3·4호기 건설 재개 여부, 공론화 과정 필요""",0,0,0,0,0
"정치 ","민주당, 창원성산 후보공모 시작…재보궐 선거 심사기준 확정",0,0,0,0,0
"정치 ","민주당, 4·3 보궐선거 후보자 21일까지 공모…24일 면접",0,0,0,0,0
"정치 ","바른미래당과 통합…黃""찬성"" 吳""꼭 할 필요는…·"" 金""반대""",19,0,0,4,1
"정치 ","[한국당 3차 토론회]바른미래당 통합... 黃 “찬성” 吳·金 “반대”",2,0,0,1,0
"정치 ","[단독] 정부, 北에 '현물지급' 금강산관광 제안",65,2,1,1539,10
"정치 ","비핵화 상응조치…‘금강산 관광’이 ‘개성공단’보다 쉽다?",0,0,0,0,0
"정치 ","조엘 위트 “2차회담서 비핵화 단계적 로드맵 교환해야”",0,0,0,0,0
"정치 ","'38노스' 대표 ""영변 포함 모든 핵물질시설 폐기 합의할 것""",26,1,0,6,0
"정치 ","이해찬 ""선거제 개혁, 야3당과 공조해 패스트트랙 처리""(종합)",13,0,0,98,0
"정치 ","이해찬 ""선거제 개혁, 한국당 반대하면 野3당과 패스트트랙 처리""",1,0,0,0,0
"정치 ","민화협 ""5월 평양서 강제동원피해 남북 공동토론회 개최""",0,0,0,0,0
"정치 ","남북 민화협, 이달 말 日 강제징용 희생자 유골 74위 봉환",0,0,0,0,0
"경제 ","""대우조선 매각 안돼"", 노동자-지역사회 투쟁 열기",0,0,0,3,0
"경제 ","'현대중 인수 반대' 대우조선 노조 파업 가결…92% 찬성",99,15,6,1831,14
"경제 ","대우조선 노조, 파업 92% 찬성…핵심은 고용불안",0,1,0,0,0
"경제 ","대우조선 노조, ‘현대중공업 인수 반대’ 파업 가결···“찬성 92%”",0,0,0,0,0
"경제 ","대형가맹점에 처벌 기준·전례도 없이 '경고장'만 날린 금융위",0,0,0,2,0
"경제 ","금융위 ""대형가맹점 '카드수수료 후려치기' 땐 처벌 가능""(종합)",3,0,0,1,0
"경제 ","금융위 ""대형가맹점, 부당하게 낮은 카드 수수료 요구시 처벌""",2,0,0,0,0
"경제 ","금융위 ""카드 대형 가맹점 '낮은 수수료 요구' 처벌할 수도""",0,0,0,0,0
"경제 ","대한항공 “2023년 매출 16조, 영업익 1.7조 달성 목표”",0,0,0,2,0
"경제 ","대한항공, 중장기 비전 발표…""2023년 매출 16조·영업익 1조7000억원""",0,0,0,0,0
"경제 ","대한항공 ""2023년까지 매출 16兆 목표""",0,0,0,0,0
"경제 ","대한항공, KCGI 지적에 ""부채비율 395%로 낮출 것""",1,0,0,1,0
"경제 ","中企 ""입법 조속히 처리해야""…'탄력적 근로시간제' 연장 합의",0,0,0,0,0
"경제 ","中企 “탄력근로제 단위기간 '6개월' 합의 아쉽다”",0,0,0,0,0
"경제 "," 제3인터넷은행, 은행지주들간 경쟁되나 ",0,0,0,0,0
"경제 ","하나금융-키움證-SKT '제3 인터넷銀' 손잡는다",0,0,0,0,0
"경제 ","`사회주택` 2022년까지 매년 2000가구 이상 공급",0,0,0,8,1
"경제 ","`김수현표` 토지임대부 주택 `컴백`…이번엔 성공할까",4,0,0,11,0
"경제 ","CJ대한통운 '택배비 정상화' 나선다…평균 100원 인상",0,0,0,1,0
"경제 ","'업계 1위' CJ대한통운, 27년 만에 택배비 인상",7,0,0,30,0
"경제 ","자영업·소상공인 대책 체감도 높여라",1,0,0,1,0
"경제 ","자영업단체들 “체감할 수 있는 자영업대책 추진해야”",3,0,0,0,0
"경제 ","CJ, 넷마블에서 손 뗀다",1,1,0,3,1
"경제 ","CJ ENM, ‘넷마블 지분 매각 추진설’에 “사실 무근”",0,0,0,0,0
"경제 ","코오롱인더, 3년 연속 영업익 '추락'…""지난해 신증설 완료, 반등할 것""",0,0,0,1,0
"경제 ","코오롱인더, 작년 흑자 1980억 달성",0,0,0,0,0
"경제 ","20일부터 카드 사용 금액 등 휴대전화로 간편 조회",0,0,0,0,0
"경제 ","내 모든 신용카드 사용내역을 휴대폰에서 한번에 확인",0,0,0,0,0
"경제 ","[단독] 공정위, 사건배당 개입 ‘前官’ 2명 1년간 접촉금지",0,0,0,0,0
"경제 ","[현장+]공정위, 외부인 접촉제한 논란 커지자 ""기자는 제외""",1,0,0,14,0
"경제 ","가계부채 1500조 돌파…KDI “부동산 규제 강화해야”(종합)",6,0,0,7,0
"경제 ","KDI ""단기 성장률 집착이 가계부채 위험 키워""",0,0,1,0,0
"경제 ","홍남기, 주한 EU대사 면담…""브렉시트 대응에 공조""",0,0,0,0,0
"경제 ","홍남기 부총리, 주한 EU대사 면담...""브렉시트 대응에 공조""",0,0,0,0,0
"경제 ","[금융, 신남방정책 든든한 파트너로]KB금융 맞춤서비스·저금리 '양날개'...캄보디아 기업대출 3년새 3배↑",0,1,0,0,0
"경제 "," KB국민은행, 인도 진출 1호점 구루그람지점 개설",0,0,0,0,0
"경제 ","실적 악화에 신용등급까지 떨어지는데…'3년 투쟁' 선언한 현대·기아차 노조",0,0,0,0,0
"경제 ","현대·기아차노조, '광주형 일자리 철회' 3년투쟁 돌입",0,0,0,8,0
"경제 ","MG손보 노조, 21일까지 1차 파업 돌입···보험사 파업 7년만",0,0,0,0,0
"경제 ","MG손보 노조, 임금 인상 요구하며 파업 돌입",0,0,0,0,0
"경제 ","예타 면제의 딜레마, ‘발전일까 혈세 낭비일까’",1,0,0,6,0
"경제 ","거래량 급감에도 집값 떨어지지 않는 이유",228,18,15,439,39
"경제 ","신도시 성공의 조건은 '일자리'와 '교통망'",9,0,0,11,3
"경제 ","외환위기의 교훈, '현상'보다 '원리'따져라",16,0,2,2,1
"사회 ","사회적대화로 갈등 풀었다…탄력근로제 6개월로 확대(종합)",326,3,2,427,4
"사회 ","탄력근로제 단위기간 3→6개월 확대…11시간 연속휴식 의무화(종합2보)",3,1,0,13,0
"사회 ","탄력근로제 '3개월→ 6개월로 확대' 합의…11시간 연속휴식 의무화",146,4,6,346,10
"사회 ","경사노위 첫 과제 '탄력근로제' 합의…노사 한발 양보(종합)",0,0,0,0,0
"사회 ","대구 도심 사우나서 불 2명 사망·70여명 부상",0,0,1,0,1
"사회 ","또… 대구 사우나서 불 2명 사망·76명 다쳐",0,0,0,0,0
"사회 ","대구 도심 사우나에서 불…2명 사망·70여 명 부상",0,0,0,0,0
"사회 ","대구 사우나 큰 불, 또 스프링클러 없었다",0,0,0,6,1
"사회 ","김장겸·안광한 MBC 前사장 집행유예…""노조탄압 처벌 마땅""(종합)",15,0,0,85,3
"사회 ","법원, MBC 전 사장단 ‘노조탄압’ 유죄 선고",0,0,0,0,0
"사회 ","'MBC 파업' 직원들 부당 인사...김장겸, 1심서 집행유예",2,1,1,44,0
"사회 ","전국언론노조 MBC본부 ""MBC 전 사장단 방송독립 침해 단죄""  ",0,0,0,0,0
"사회 ","천안 오피스텔 방화로 5명 중경상…1명은 의식불명(종합3보)",0,1,1,11,0
"사회 ","천안 오피스텔 방화로 5명 중경상···20대 여성 세입자 자수",0,0,0,0,0
"사회 ","'천안 오피스텔 방화' 20대 여성 자수…범행 동기 조사",0,0,0,0,0
"사회 ","천안 오피스텔서 불…20대 1명 의식불명·5명 부상(종합2보)",0,0,5,21,1
"사회 ","황토현전승일 ‘동학농민혁명 국가기념일’로 신규 지정",3,0,0,6,0
"사회 ","5월11일 ‘동학농민혁명 정부 기념일’ 지정",0,0,0,0,0
"사회 ","‘5월 11일’ 동학농민혁명 기념일 됐다",0,0,0,7,0
"사회 ","전북도·정읍시 ""동학혁명 기념일 지정 환영, 관련사업 강화""",3,1,0,2,0
"사회 ","'손혜원 의혹' 압수수색에 목포시청 하루종일 뒤숭숭",2,0,1,1,0
"사회 ","손혜원 ‘부동산 매입’ 논란 본격 수사…문화재청·목포시청 압수수색",0,0,0,0,0
"사회 ","교육당국, 고교 무상교육 실현 준비 박차",2,0,0,1,1
"사회 ","‘고교 무상교육’ 전면 시행에 연간 2조원 든다",6,0,0,9,0
"사회 "," [단독] MB 기무사, 노무현·문재인·이해찬·유시민 “좌파 체계도” 작성 ",72,4,2,398,18
"사회 ","‘기무사 댓글 공작’ 배득식 前사령관 징역 3년",0,0,0,0,0
"사회 ","수도권 고농도미세먼지 예비저감조치 첫 발령…""50㎍/㎥ 이상""(종합)",1,1,1,13,0
"사회 ","수도권 고농도 미세먼지 예비저감조치 내일 첫 발령",0,0,0,5,0
"사회 ","""500% 수익"" 코인사기 또 등장…""정부 가이드라인 시급""",1,0,0,0,0
"사회 ","경찰, '가상화폐 사기 혐의' 코인업 압수수색…투자자들 반발(종합)",24,0,1,1,6
"사회 ","‘아들 의사 시키려고’…의대 교수가 면접시험 유출",0,0,0,7,0
"사회 ","'아들 위해 면접문제 빼돌린 의대 교수' 약식기소 솜방망이 논란(종합)",1,1,0,159,9
"사회 ","""생명 뺏는 군사 훈련 못한다"" 예비군 훈련 거부 20대 무죄",6,1,1,124,1
"사회 ","[단독]‘비폭력·평화주의’ 양심적 병역거부 첫 인정",11,0,0,54,2
"사회 ","'사법농단 의혹' 양승태 법원에 보석 청구…""방어권 행사 지장""(종합)",85,2,3,335,6
"사회 ","'사법농단 의혹' 양승태 법원에 보석 청구…""방어권 행사 지장""",42,1,3,167,3
"사회 ","'정치자금법' 위반 이완영 항소 기각, 의원직 상실 위기",148,8,0,35,2
"사회 ","‘정치자금법 위반’ 이완영 한국당 의원 항소 기각…의원직 상실 위기",51,4,1,8,0
"사회 ","""카카오 아청법 위반"" 판단에도 '이석우 무죄' 왜?",1,0,0,0,0
"사회 ","'음란물 차단 미흡' 前 카카오 대표에 무죄 선고(종합)",1,0,0,0,0
"사회 ","""폭행으로 장 파열·췌장 절단…가해 학생은 해외여행""(종합)",2,1,4,269,8
"사회 ","""폭행으로 장 파열됐는데 수사 무성의""…국민청원 7만명 돌파",0,0,0,0,0
"사회 ","'정월대보름 달집태우기' 곳곳에서 열려",1,0,0,0,0
"사회 ","부산 송정해수욕장 달집태우기 행사 중 유증기 폭발···3명 부상",0,0,0,0,0
"사회 ","이낙연 총리·국악인 오정해, 광주수영대회 홍보대사 위촉",0,0,0,0,0
"사회 ","7월 광주세계수영대회 홍보대사에 이낙연·오정해",0,0,0,0,0
"사회 ","'낙태 폭로' 류지혜, 극단적 선택 암시글에 경찰 출동…""건강 이상 없어""",0,0,1,12,1
"사회 ","‘낙태 논란’에 극단적 선택 암시한 류지혜 자택서 발견",1,1,4,61,3
"사회 ","文대통령의 포용국가…핵심은 '촘촘한 사회안전망'",6,0,0,18,0
"사회 ","국가가 ‘온종일 돌봄’ 책임… 고교 무상교육으로 배움 문턱 낮춘다",0,0,0,0,0
"사회 ","9월부터 아동수당 만7세미만까지 지급…아동 국가책임 확대(종합)",7,0,0,41,3
"사회 ","2022년까지 남성 육아휴직자 40% 늘게 ‘포용사회’ 만든다",0,0,0,0,0
"사회 ","[단독]‘블랙리스트 의혹’ 김은경 前환경장관 출국금지",198,5,3,1404,22
"사회 ","'환경부 블랙리스트 의혹' 김은경 前장관 출국금지",0,0,0,0,0
"사회 ","'선거법 위반 혐의' 노옥희 울산교육감 1심 무죄... 직 유지",0,0,0,1,0
"사회 ","'허위사실 공표' 혐의 노옥희 울산교육감 1심 무죄…직위 유지(종합)",1,0,0,9,0
"사회 ","[서소문사진관]궁궐도 전용기도 싫다. 서민 행보 이어가는 멕시코 대통령",1,0,0,0,0
"사회 ","[서소문사진관]'수병과 간호사' 키스 사진속 남자 주인공 별세",10,1,3,5,0
"사회 ","[서소문사진관] 부처님 햇볕 목욕, 티베트 불교의 정월 보름 축제",5,1,0,0,0
"사회 ","[서소문사진관] 불꽃 튀는 충돌, 나스카 '데이토나 500'에서 사고 발생",1,0,0,0,0
"생활/문화 ","이탈리아 '산업디자인 거장' 멘디니, 87세로 별세",0,0,0,0,0
"생활/문화 ","'현대 건축·디자인의 다빈치' 멘디니 88세로 별세",0,0,0,0,0
"생활/문화 ","伊 '산업디자인 황제' 멘디니, 87세로 별세…LG전자 등 국내 기업과도 인연",0,0,0,0,0
"생활/문화 ","이탈리아 '산업디자인 황제' 멘디니, 87세로 별세",0,0,0,0,0
"생활/문화 ","눈 그치고 구름 사이로 '슈퍼문'…내일 미세먼지 공습",7,5,14,335,3
"생활/문화 ","[날씨] 눈 그치고 구름 사이로 '슈퍼문'…미세먼지 '나쁨'",12,6,6,219,7
"생활/문화 ","[내일날씨] 눈 그치고 초미세먼지 다시 온다 ""마스크 착용하세요""",0,0,0,3,0
"생활/문화 ","[날씨] 내일 오전까지 약한 눈…날 풀리고 '초미세먼지'",0,0,0,5,0
"생활/문화 ","전설의 밴드 '퀸(Queen)' 브라이언 메이… ""고맙습니다"" 한국 팬 향한 영상 편지",16,0,1,0,0
"생활/문화 ","퀸, 아카데미 시상식서 라이브공연...머큐리 대신 애덤 램버트 보컬",0,0,0,0,0
"생활/문화 ","눈·비 그치고 불청객 온다…내일 미세먼지 기승",0,0,0,5,0
"생활/문화 ","오전 곳곳 산발적 눈…수도권 등 미세먼지 ‘나쁨’",0,0,0,0,0
"생활/문화 ","베토벤 운명으로 시작해 윤이상으로…2019 통영국제음악제 ",1,0,0,3,0
"생활/문화 ","통영국제음악제, 올해는 '운명'···명실상부 글로벌 스탠더드",1,0,0,0,0
"생활/문화 ","안영배 사장 ""빅데이터 활용한 '관광예보제' 실시""",3,0,0,0,0
"생활/문화 ","안영배 관광公 사장 ""中 채널 회복세 견인..외래객 1800만 유치""",1,0,0,2,0
"생활/문화 ","'문화재에 깃든 100년 전 그날' 개막, 서대문형무소 오세요",0,0,0,0,0
"생활/문화 ","'문화재에 깃든 100년 전 그날'",0,0,0,0,0
"생활/문화 ","[날씨] 중부 눈 대부분 그쳐…대보름달 구름 사이로",3,0,0,0,0
"생활/문화 ","[날씨] 수도권 눈 대부분 그쳐…곳곳 빙판길 조심",2,0,0,0,0
"생활/문화 ","""세상 떠난 할머니 떠올리며 파이널곡 연주""",0,0,0,0,0
"생활/문화 ","윤연준, 퐁투아즈 피아노 캠퍼스 콩쿠르 1위",2,0,0,0,0
"생활/문화 ","[똑! 기자 꿀! 정보] 내 몸에 맞아야 '약'…몸에 좋은 3대 목욕법?",29,1,0,3,4
"생활/문화 ","[똑! 기자 꿀! 정보] '차(茶)', 몸과 마음에 작은 쉼표를 찍다",7,0,0,0,0
"생활/문화 ","[똑! 기자 꿀! 정보] 어제는 선반, 오늘은 책장…내 맘대로 만드는 '조립식 가구'",1,0,0,0,1
"생활/문화 ","[똑! 기자 꿀! 정보] 주방의 혁명…치킨·삼겹살도 기름 없이 튀겨요!",23,3,1,7,4
"생활/문화 ","[허시명의 술술술] 중국과 일본은 있고 한국에는 없는 연구소",16,0,0,0,3
"생활/문화 ","[허시명의 술술술] 대한민국에서 막걸리를 가장 잘 쓸 줄 아는 사람",32,0,0,16,1
"생활/문화 ","[허시명의 술술술] ""홍삼 그 이상""… 아픈 사람 나으라고 먹이는 술",9,0,0,2,0
"생활/문화 ","[허시명의 술술술] 양조장만 20개… 술 마시기 위해 떠난 제주여행",11,1,0,0,0
"세계 ","화웨이 회장 ""미국=세계 아냐, 우린 끄떡없어""[이슈+]",4,1,0,11,0
"세계 ","美, 화웨이 퇴출공조 균열?…英 이어 뉴질랜드도 이상기류(종합)",5,1,0,8,0
"세계 ","화웨이 회장 “스파이 행위하면 회사 문 닫겠다”",0,0,1,9,0
"세계 ","LGU+, 공공분야 수주 어려움에 '화웨이 자성론?'",1,0,0,0,0
"세계 ","‘북미회담 D-8’ 北 김혁철 베이징 도착…투트랙 협상 본격화",0,0,0,0,0
"세계 "," 북 김혁철 베이징 도착…실무협상 주 후반 열릴 듯 ",0,0,0,0,0
"세계 ","北 김혁철 등 협상단 베이징 도착…내일 하노이行(종합)",0,0,0,1,0
"세계 ","北김혁철·최강일 베이징 도착…북미 의제협의 재개 임박(종합3보)",105,2,0,104,3
"세계 ","“트럼프, 의회 무시 불법 행동” 법정으로 간 국가비상사태",0,0,0,0,0
"세계 ","美16개주, 트럼프 비상사태선포에 소송으로 맞서(종합2보)",3,0,0,4,1
"세계 ","美 16개주 ""트럼프 비상사태 선포는 위헌"" 소송…'장벽 저지'(종합)",2,0,0,2,2
"세계 ","미국 16개주 ""트럼프 비상사태 선포는 위헌"" 소송",3,0,0,0,0
"세계 ","혼다 ""2021년까지 영국 스윈던 공장 생산 중단"" 발표",0,0,0,0,0
"세계 ","日 혼다도 `노딜 브렉시트` 공포에 영국서 철수",0,0,0,1,0
"세계 ","'이에는 이, 눈에는 눈'… 美·EU 관세전쟁 '가열'",6,0,1,0,0
"세계 ","""美 수입차 고율 관세 물리면 독일 경제 '흔들'""",3,0,0,0,1
"세계 ","융커 EU 집행위원장 ""브렉시트, EU의회 선거 이후에도 가능""",0,0,0,0,0
"세계 ","[기자수첩]정치의 덫에 갇힌 브렉시트",0,0,0,0,0
"세계 "," 김정남 살해 용의자 父, 김정은 베트남 방문에 ""딸 구해달라"" 호소",5,2,0,20,0
"세계 ","'김정남 암살' 베트남 용의자 父 ""김정은이 내 딸 구해줬으면...""",0,0,0,0,0
"세계 ","[북미 D-8]인공기·성조기 함께 '펄럭'…하노이는 축제 분위기(종합)",197,7,4,278,7
"세계 ","D-7, 북미 회담모드 본격 돌입… 베트남 현지 분위기도 고조",1,0,0,0,0
"세계 ","美, 北 관련 예산 지출 인권에만 한정",0,0,0,0,0
"세계 ","美, 북한에 '인권' 예산만 지원···北협력국엔 원조 금지",0,0,0,0,0
"세계 ","미중 무역협상 19일 워싱턴서 재개…21일부터 고위급 협상",0,0,0,0,0
"세계 ","미중 무역협상 19일 워싱턴서 재개…정상담판 향해 가속(종합)",6,2,0,0,2
"세계 "," 트럼프 노벨평화상 추천 아베에 “부끄럽다” “추종 지나쳐” ",8,2,1,0,2
"세계 ","“도대체 왜”…日아베, 트럼프 노벨상 추천을 둘러싼 ‘3대 쟁점’",1,0,1,8,1
"세계 ","트럼프 “마두로 정권 지지 철회 않으면 모든 것 잃게 될 것”",0,0,0,0,0
"세계 ","""마두로 명령 듣지마"" 트럼프, 베네수엘라 군부 압박",0,0,0,0,0
"세계 ","`수병과 간호사 키스` 사진 男주인공 별세",0,0,0,0,0
"세계 ","2차대전 종전 상징 '수병과 간호사 키스' 사진 남주인공 별세",26,3,37,26,4
"세계 ","이번엔 독도 트집… 또 갈등 키우는 日",0,0,0,9,1
"세계 ","日관방 ""韓 독도 인근 영해 침입 항의""…韓 ""단호히 대처""(종합2보)",2,0,0,1,0
"세계 ","제조2025 못놓는 中…美 보란듯 `중국판 실리콘밸리` 공개",4,0,1,5,1
"세계 ","中, 광둥~홍콩~마카오 묶는 '메가시티' 급물살…亞 최대 경제권 야심",0,0,0,1,0
"세계 ","中 ""우주에 태양광 발전소 세울것""",3,2,0,1,0
"세계 ","'달 착륙' 중국, 우주 강국 올라서나…우주 태양광 발전소 건립 추진",0,0,0,0,0
"세계 ","佛출신 'IS 아내' ""귀국후 공정한 재판 원해…테러는 IS의 복수""",0,0,0,0,0
"세계 ","“자국 IS 대원 책임져라” 격퇴 이후 송환 청구서",0,0,0,0,0
"세계 ","美언론들 ""북미 연락관 교환·연락사무소 개소 진지하게 검토""(종합3보)",4,0,1,2,0
"세계 ","CNN ""북미, 연락관 교환 논의…공식 외교관계 수립 향한 조치""(종합2보)",4,0,0,0,0
"세계 ","‘지구온난화’ 일반화시킨 과학자 별세…‘기후 재앙’ 현실로",0,0,0,0,0
"세계 ","지구온난화 용어 대중화… 美기후과학자 브뢰커 타계",0,0,0,0,0
"세계 ","‘트럼프 직무박탈’ 모의 놓고… 美 쿠데타 논란",0,0,0,0,0
"세계 ","""2017년 트럼프 직무박탈 '내부 쿠데타 모의' 진짜 있었다""",1,0,0,0,0
"세계 ","日방위상 ""한일 방위협력 개선 징조…소통 환경 조성 중""",0,0,0,10,0
"세계 ","日 방위상 ""한일 방위협력 개선 징조···소통 환경 조성""",0,0,0,1,0
"세계 ","""치명적인 질병이 되살아나고 있다""…지구촌 홍역 공포 [심층기획]",2,6,9,77,10
"세계 ","일본 오사카 등서 홍역 유행…올해 들어 환자 167명",0,0,0,0,0
"세계 ","""트럼프, '나워트 낙마' 유엔대사에 파월·캐나다 대사 등 검토""",0,0,0,0,0
"세계 ","CNN ""트럼프, 前 상원의원 후보 존 제임스 유엔대사에 거론""(종합)",0,0,0,0,0
"세계 ","[특파원리포트] ""폴란드, 나치 부역""…이스라엘-폴란드 '홀로코스트' 재충돌",4,0,1,3,0
"세계 ","[특파원리포트] '노벨상'도 써먹는 아베식 외교…굴종? 실용?",3,0,0,35,1
"세계 ","[특파원리포트] 아날로그 감성 듬뿍 ‘광고판 돌리기’, 경제 활성화에 기여한다니…",1,0,0,1,0
"세계 ","[특파원리포트] ""일왕사죄 발언 항의했다""·""아니다""…평행선 달린 장관회담",2,0,0,9,2
"IT/과학 ","MWC2019 5G '단독' 생방송, 삼성전자 상용장비로 한다",8,3,0,0,1
"IT/과학 ","삼성전자, MWC서 5G 단독생중계",6,0,0,0,1
"IT/과학 ","삼성전자, 5G 장비로 'MWC 2019' 방송 단독 생중계",10,1,0,0,0
"IT/과학 ","삼성전자, 5G 상용장비로 MWC 2019 방송 단독 생중계",0,0,0,0,0
"IT/과학 ","한글과컴퓨터, 연매출 2천억 돌파…역대 최대",1,0,0,3,0
"IT/과학 ","한컴, 작년 매출 2158억·영업익 425억…창사 이래 최대 실적(종합)",3,0,0,3,0
"IT/과학 ","시민 78.5% ""고발프로 나온 음식점 이름, 포털 검색어로 그대로 둬라""",10,0,0,0,0
"IT/과학 ","""포털, '검색어조작 절대없다'식 홍보가 오해 불러""",0,0,0,1,0
"IT/과학 ","5G시대 토론회, 참석자들 '통신비 인상 우려'...이통3사 불참(종합) ",0,1,1,9,1
"IT/과학 ","""5G투자비 감안 통신비 인상 불가피"" vs ""급격한 요금인상 안돼""",1,0,0,2,0
"IT/과학 ","[MT리포트]https 차단, 울고싶은 2030男 뺨때렸나",0,0,0,55,1
"IT/과학 ","KT이어 LG유플러스도 ‘불법사이트 접속 차단’.. “26일까지 7개사 모두 차단할 것”",5,1,1,154,1
"IT/과학 ","‘센서’로 교통사고 자동 감지…긴급구조 요청까지",1,0,0,0,1
"IT/과학 ","교통사고 때 자동으로 구조요청, 한국형 `e - CALL` 단말기 개발",1,0,0,0,0
"IT/과학 ","샤오미, 새 스마트폰 20일 발표…'갤럭시S10' 겨냥",19,3,0,42,1
"IT/과학 ","""갤럭시S10 연간 4천만대 팔릴 것…전작보다 흥행 전망""",5,0,1,5,0
"IT/과학 ","과기부 `R&D 예타` 방식 확 뜯어 고친다",0,0,0,0,0
"IT/과학 ","국가 R&D 예타, 다양한 R&D 특성 고려해 조사체계 개편",0,0,0,0,0
"IT/과학 ","이상봉 LG전자 고문·전해상 도레이 대표 '기술경영인상'",0,0,0,0,0
"IT/과학 ","이상봉 LG고문·전해상 도레이 대표 '기술경영인상'",0,0,0,0,0
"IT/과학 ","""백신 탐지 우회하는 PC 트로이목마, 악성메일로 확산 중""",0,0,0,0,0
"IT/과학 ","모르는 사람이 보낸 이메일, 첨부파일 열지 마세요!",0,0,0,0,0
"IT/과학 ","[아하! 우주] 그물 던지고 작살 쏘고…청소부 위성, 우주쓰레기 치우다",6,2,0,5,2
"IT/과학 ","[아하! 우주] 화성을 360도 파노라마로 보니…선명한 붉은 토양 (영상)",13,0,0,2,3
"IT/과학 ","[아하! 우주] 우리은하와 안드로메다는 언제쯤 충돌할까?",14,1,5,2,5
"IT/과학 ","[아하! 우주] 우주로 떠난 전기차 로드스터는 어디쯤 달리고 있을까?",61,5,1,6,13
