"catagory","title","participated"
"기타","윈윈사이트 개인정보유출","2"
"경제민주화","삼성바이오 투자자입니다","5"
"일자리","5인이하 사업장 예외조항 삭제하라","4"
"문화/예술/체육/언론","불법 만화,애니 폐지에 관하여","17"
"인권/성평등","앞으로 성추행 및 성폭행 사건에 대해서 비공개수사로하고 기사통제해주세요","8"
"육아/교육","지방의 학교에서도 등교시간 오전 9시까지와 교내 휴대폰 사용을 허가해주십시오.","3"
"인권/성평등","인간이기를 포기한 갑질의 끝판왕 양진호회장을 무기징역시켜주세요","41"
"육아/교육","아이와 함께 이사는 힘든가요?","1"
"안전/환경","전주 고형폐기물 소각발전소 반대","20"
"정치개혁","정치인=쓰네기","1"
"인권/성평등","이재명 경기도지사의 정치적탄압을 중단해 주십시오!","39"
"기타","가정폭력 피해자는 가해자 처벌이 아닌 피해자 보호를 원합니다.","14"
"인권/성평등","직장인 강제 직무 변경 사전 고지 및 합의 의무화 등","2"
"기타","주택사기차압죄 엄연히 처벌받기를.","24"
"행정","유치원 폐원 관련 민원인에게 막말을 하는 서산교육지원청 공무원을 징계해주세요.","36"
"육아/교육","입시 문제를 대학 자율로 맡기고 교육부는 부정비리 관리에 전념토록 하는 청원입니다.","9"
"육아/교육","부모교육의 반의무화","10"
"안전/환경","kt아현지사 화재 통신 장애 후속대처방안 마련해주시길 부탁드립니다","2"
"기타","과연 국민의 소리를 듣고는 계십니까? 소수의 발언은 모이지 않으면 묻혀도 되는 그런 것들로 치부하십니까?","17"
"미래","조두순의 실명과얼굴을 밝혀주세요","63"
"안전/환경","세계온실가스배출량7위,우리나라의 현실","2"
"안전/환경","강서구 피시방 살인사건 동생 신상공개!!","18"
"기타","불법으로 애니를 퍼다가 공유하는 **24 단속해주십쇼.","4"
"미래","기초수급자","1"
"기타","부산광역시 사상구 ** ** 아파트 ***동 문제점","0"
"행정","범죄 처벌 형량을 높여 주세요, 형량이 너무 낮습니다.","20"
"안전/환경","염산,황산,질산,불산 전면생산/수입/판매금지요청","5"
"인권/성평등","여혐 범죄 멈춰주세요","3"
"정치개혁","정책기조 전환을 더 이상 늦추어선 안됍니다!!","3"
"정치개혁","도대체 참여연대는 머하는 단체인가요???","14"
"기타","보험사 갑질","4"
"문화/예술/체육/언론","네이버 댓글 정책을 조사해 주시기 바랍니다.","4"
"교통/건축/국토","과속 위반은 명백한 살인미수 행위입니다.","68"
"인권/성평등","조두순 출소 금지가 안 된다면, 실명과 얼굴을 공개 해 주세요.","400"
"외교/통일/국방","북한에 마구 퍼줘도 하나도 아깝지 않다. ~~~~~~~~~~~^^^","9"
"안전/환경","불안해서 대한민국에서 살 수가 없습니다","20"
"보건복지","지역건보료 책정을 소득 위주로 부과바랍니다","11"
"정치개혁","민주노총 전수조사 지지합니다.","11"
"보건복지","국민 건강의료 보험","20"
"보건복지","학교에 공기청정기를 놓게 해주세요","12"
"인권/성평등","윤락행위, 약물복용, 개와 성관계 등을 장애 청소년에게 시켰습니다.","18,866"
"보건복지","보육교사 힐링콘서트 폐지","12"
"교통/건축/국토","국민 여러분 에 관심 과 도움 간절한 마음이 필요 합니다 #가족 #친구 #사랑 #안전 #소중함 #지키자  #강화 #법","4"
"외교/통일/국방","대한민국 국민이 북한에 나포되었다","10"
"기타","특성화고 '학습 중심' 현장실습제도를 바꿔주세요","1"
"정치개혁","아직도 청산되지 못한 친일파들 독일좀 본받자","23"
"기타","음주 운전 경찰.여경 성추행 경찰  파면 청원^^*","7"
"안전/환경","비닐과 플라스틱 사용을 전면 금지해 주세요.","8"
"문화/예술/체육/언론","게임""포트나이트""광고 관련청원","1"
"문화/예술/체육/언론","축구선수 장현수 봉사시간 조작으로인한 병역 혜택","22"
"안전/환경","경찰 때문에 마음을 놓고 못 살겠습니다.","5"
"보건복지","건강검진시 콜레스테롤 검사 부활 시켜야합니다.","12"
"행정","국민청원 게시판 개편에 찬성합니다.","6"
"기타","이재명 져도 이기는 프레임의 승리^^*","4"
"문화/예술/체육/언론","내수차별하는 시프트업을 추방시켜주세요","9"
"기타","제 가족이 처한 답답한 현실","5"
"성장동력","한식의 세계화를 위한 제언","1"
"안전/환경","문재인님께","5"
"교통/건축/국토","음주운전 사고","7"
"육아/교육","뉴스에 나온 서산교육청 담당 당장 짜르시요","3"
"안전/환경","결혼식 참석 차 왔다가""…광주·인천 조폭간 싸움 왜?","4"
"기타","로스트아크 디스트로이어를 상향해주세요","2"
"기타","세종시 고운동 가락마을 중흥건설 횡포","340"
"미래","담배때문에 아파가는 사람들 보는거 더 이상은 못 보겠습니다.","10"
"정치개혁","8세 여아의 마음을 지켜주세요","27"
"인권/성평등","병역면탈을 목적으로 국적 포기한자  입국을 불허해야 한다.","13"
"보건복지","등유가격 좀 내려주세요","8"
"일자리","로스트아크 루페온서버 캐릭터 생성제한좀 풀어주세요","2"
"보건복지","빅 데이터를 통해 정보를 종합해 맞춤형 복지를 제공하기 위한 환경을 조성하는 소매넣기 정책을 제안합니다.","1"
"안전/환경","미세먼지 줄이기 방안","0"
"보건복지","* 의료기관-시설내에  CCTV 설치  기본 의무화에  대해 대다수가  지지합니다","16"
"교통/건축/국토","도로변 갓길주차 및 음주운전 교통사고 원인제공자","3"
"농산어촌","김 양식장에 공업용 염산을 사용한다니.......","20"
"안전/환경","음주운전 사망사고 법을 강화해주세요.","15"
"교통/건축/국토","음주운전 처벌강화법 윤창호법 빨리 통과시켜주세요","12"
"교통/건축/국토","음주운전 처벌강화법 윤창호법 빨리 통과시켜주세요","12"
"인권/성평등","사람들의 인권이 더 존중되었으면 합니다.","3"
"교통/건축/국토","음주운전처벌을 강화해주세요","30"
"기타","현재 온라인에서는 전통주만 구입할수 있던데 규제 좀 풀어주세요.","0"
"육아/교육","■우리가 친일의 역사를 망각하거나 무관심 할때 친일들은 또 다시 우리를 정복하여 분열시키고 나와 우리들의 형제를 죽이고 반역자 이완용이같은 사람이 왕이되는 나라로 만들것입니다. 친일=적폐청산 끝까지 청산해 주세요","8"
"육아/교육","학교  방학을 2달로 늘린다","2"
"일자리","편의점 노예계약 ...죽을거같습니다","9"
"정치개혁","유치원 폐원한다는데 국회의원들은 남의집 불구경","9"
"정치개혁","세번째글! 사법부 탄핵!! 정부,여당 신뢰?? 총선때 국민들의 판단은?","2"
"안전/환경","층간소음 법 강화해주세요...집은 더이상 쉴수 없는 공간이 되었습니다","20"
"육아/교육","국민청원","1"
"기타","소방관들의 삶을 지켜주세요","15"
"정치개혁","경제가 너무 안좋습니다. 장사가 안되여~~~~~~~~~~~~~~`","5"
"정치개혁","박근혜     정부의      최순실    처럼,      민주노총이     문제인       정부를     쥐락펴락      하는구만!!!","10"
"정치개혁","깡패인지 트래블메이커인지 장제원의원을 신분 박탈시켜 주세요.","15"
"기타","애니사이트폐쇠위기","14"
"정치개혁","제발 군대를 의미있게 가고싶어요.","10"
"정치개혁","물가가 너무 오르네요","4"
"기타","저희에게 뭘 더 뺏어가닙까..ㅠㅠ","28"
"행정","KT사장 해임건의 및 KT화재로 인해 피해를 입은 모든 지역을 특별재난구역으로 선포하고 보상하라!","6"
"보건복지","의료용 대마 합법화 환영!!!   식약처는 해당 약품을 미리 구입해 놓아서 환자가 신청하면 바로 받을 수 있도록 부탁드립니다.","20"
"정치개혁","청와대 실세 측근들에 의한 친위 쿠테타를 예방 하세요","10"
"성장동력","국민안전과 제4차산업 발전 저해하는 공적기관의 담합적폐(카르텔) 청산해야 합니다.","2"
"일자리","강성노조 잡지못하면 한국 미래는 없습니다","31"
"미래","D - day 1201","4"
"교통/건축/국토","서민피눈물나게 하는 알박기 처벌해주세요","14"
"일자리","청년 실업","4"
"인권/성평등","서울중앙지검 특수1부장 검사를 사무 감사 해주시기 바랍니다.","5"
"외교/통일/국방","Kt 화재를 대공 수사 관점에서 접근해야 합니다","9"
"일자리","중소기업의 고용확대와 실업률 개선 방안을 위한 제안","2"
"문화/예술/체육/언론","토렌트 사이트 ""***(*****)"" 처벌 바랍니다.","10"
"안전/환경","조두순의 얼굴을 밝혀주세요","49"
"문화/예술/체육/언론","좀 궁금해서 말입니다.","4"
"인권/성평등","공공기관 장애인 학대와 괴롭힘 즉각 중단하라!!","10"
"인권/성평등","보배드립 사건 재청원","7"
"외교/통일/국방","북한예산안이 왜 비공개입니까?","16"
"정치개혁","삼성 분식회계 처벌이 마땅","7"
"정치개혁","문 대통령 지지율 다시 50%대..이게 나라냐","14"
"안전/환경","모의고사 혹은 수능에서 사용되는 탐구과목의 종이 낭비를 막아주세요.","8"
"정치개혁","문재인 소득성장정책은 허구다","19"
"성장동력","왜 그럴까요.....","2"
"교통/건축/국토","경기도광주~충청도 논산 대중교통 길좀 뚤어주세요","2"
"일자리","대한민국에서 살기란 정말힘듭니다","10"
"정치개혁","삼권분립체제에서 유일하게 국민 투표로 선출되지않는권력이 사법부입니다","2"
"행정","자격시험 및 면허시험 시험장소 지역별로 지정필요합니다.","2"
"기타","죽고싶어도 죽지 못하는 삶을 살고 있습니다 도와주세요","22"
"외교/통일/국방","귤취소해주세요","10"
"미래","소년법 폐지","36"
"경제민주화","이나라가 참여연대가말하면법과제도가바뀌는나라입니까","18"
"인권/성평등","사랑의 정의를 평등하게 바꿔주세요","9"
"교통/건축/국토","보험사의 보험사기, 사법농단으로 인해 교통사고 피해자가 4억여원의 돈을 억울하게 물어줘야 할 기가막힌 사연","5"
"정치개혁","국민은 경제폭망에 안보파괴로 죽어가는데 음주운전에 해외여행에 신나셨네요!","11"
"정치개혁","혜경궁김씨는 누구입니까?","3"
"기타","의료시민연대 고발합니다제가 너무 무리한 요구를했나요","0"
"저출산/고령화대책","서민을 위한 연탄","3"
"보건복지","인천 중학생 집단폭행으로 인한 추락사[청울림TV]","180"
"기타","성폭력 범죄 처벌과 통신매체이용음란사건내용잇습니다","1"
"기타","잠시라도 부동산 규제를 풀어주세요.","122"
"안전/환경","세상 밖에 나오면 안되는 사람 조두순","31"
"외교/통일/국방","국방사업의 인도네시아 계약위반 제소와 제재청원합니다. 인니측의 기술유출의혹과 쉬쉬한 관련공무원 조사해야합니다","12"
"외교/통일/국방","국방사업의 인도네시아 계약위반 제소와 제재청원합니다. 인니측의 기술유출의혹과 쉬쉬한 관련공무원 조사해야합니다","12"
"보건복지","전면 무상의료정책 시행해주세요","0"
"문화/예술/체육/언론","불법만화사이트 ""**"" 폐지 부탁드립니다.","8"
"보건복지","S병원 의사가 불법뇌물을 받은 후 이를 자랑하고 다닙니다.","7"
"육아/교육","저희 학교 체육 선생님을 고발합니다.","11"
"일자리","머리 쓰는 직업 월급 줄이고 힘쓰는 직업 월급 확 올려라 정부는 우리의 목소리를 듣고 있는 것인가?","5"
"문화/예술/체육/언론","대한민국의 언론들은 진짜 쓰레기입니다 .","28"
"일자리","최악의 실업률과 청년 일자리 확대방안으로 청년내일채움공제 혜택 확대 의견 제시합니다.","1"
"기타","누구를 위한 신체검사인가요? 병무청","2"
"육아/교육","출산장려정책 다시 계획 짜주세요","1"
"기타","프라모델용 신너 구매불가 문제","0"
"육아/교육","서울 중고등학의 객관식 문제 페지령에 반대합니다","3"
"농산어촌","도시에  사는 농촌의 아들소유의  농지를 매각할수 있도록 세제 개편을 하면 경기활성화 크게 도움이 된다고 봅니다.","7"
"교통/건축/국토","신분당선 서북부 연장청원(삼송-고양시청-식사동-풍동-중산동-킨텍스)","1,584"
"육아/교육","교육 체제 바꾸세요. 주입식 교육이 아이들을 망치고 나라의 미래를 망칩니다.","8"
"육아/교육","임용고사 페지를 청원하고, 새로운 교원 양성 시스템을 제안합니다.","69"
"일자리","일자리예산은 공무원 가족의 용돈예산입니까? 생계가 급한 사람도 많은데 공무원 가족들이 국고를 빼먹는 중입니다.","13"
"문화/예술/체육/언론","건물 임대수익을 종합소득에서 분리하여 단독과세로 세율을 인상하는 방향을 제안합니다.","2"
"기타","청소년법 강화","23"
"행정","조현천을 잡을려는 마음은 있는 것인지?","7"
"기타","프로젝트 죠죠 환생화살 확률","2"
"미래","부정부폐당 친일한국당은 이명박근혜가 아무리 비리를 저질러도 강싸주고 보호하고.","6"
"기타","트럼프 .이재명 프레임의 승리 대입하면 공통점^^*","10"
"기타","개인정보 유출한 업체는 개인에게 손해를 보상해야합니다.","6"
"외교/통일/국방","철도통일산업반대","18"
"기타","증여 상속 양도세 개정 청원","3"
"보건복지","노점을 하는데 하늘같은 공무원님께서 하도 괴롭혀서 농약을 먹었는데 119도 안부르고 농약을 먹어 인사불성인 전동 휠체어로 장사를 하는데 주차위반 딱지를 붙일까요 말까요 하는 증평군청 도시교통과 하늘같은 공무원님 존경합니다.","5"
"정치개혁","양육비 주지않는 부모얼굴 공개","30"
"정치개혁","♣-소득 양극화 11년만에 최악,♣-""올해 신판포 자이가 84평방미터가 ●10억7500만원 상승"".""","1"
"정치개혁","♣-""글로벌 ●투자전문가 오하드 토포 →한국 부동상 폭락 겪은 적 없서 더위험","1"
"정치개혁","♠-이명박→ 정부시절엔 ●반값 아파트(1평당 1000만) 공약 시행을","1"
"정치개혁","♠-노태우 당시●200호  건설공약을 제시하고 강남의 대체재로","1"
"경제민주화","삼성의 무노조경영 철폐","6"
"정치개혁","♠-강남4구등등 인근에 그린벨트 ●30만호의 저가 국민주택 이하의","2"
"육아/교육","초등하교 성교육을 확대 해 주세요","4"
"정치개혁","♠-"".""재닛옐런(전 FRB의장)의 ●위험경고","1"
"정치개혁","◆-日本은→부동산 거품이꺼지면서 15년동안","0"
"기타","적폐 보건복지부는 청산해야.","5"
"정치개혁","♣.이런 상태가 계속되면 나라가 ●망합니다.-""","4"
"반려동물","동물보호법 대체 언제 강화되나요 ??","66"
"정치개혁","정치인들의 격조있는 다툼, 답을 내어놓는 다툼을 청원합니다.","0"
"정치개혁","♣-청년 가구는●45년을 한푼도 안쓰고 모아야 서울강남 중간 가격의 아파트","1"
"정치개혁","♣-토지거래 허가제 근거법→ 헌법23조 제2항(재산권의 행사는 공공복리에 적합),헌법122조","2"
"경제민주화","문재인 대통령님 삼성바이오로직스를 반드시 상장폐지 시켜야 할 이유 입니다.","8"
"안전/환경","""조두순""을 화학적 거세해 주세요.(출소 전부터 죽을 때까지)","18"
"기타","광화문 집회허가를 멈춰주세요","1"
"정치개혁","♣-지금 3급이하의 그린벨트(훼손된 지역)해제 → 57년전 서울인구 약 160만명","1"
"경제민주화","문재인 대통령님 삼성을 위한 삼성위원회라는 불명예 딱지를 금융위원회 스스로 떼어내는 계기가 되길 바라며,""삼성, 낡은 방식 청산하고 사회적책임 다해야""","7"
"정치개혁","◆-수도서울에 무주택자가 ●51% 라고 합니다.시장의 현금이 생산적인 활동에","3"
"경제민주화","문재인 대통령님 ""국민연금과 삼성바이오로직스는 무슨 관계가 있는 건가요?""","6"
"경제민주화","문재인 대통령님 국민연금공단 안효준,기금운용본부 박능후,국민연금공단 김성주,기획재정부차관20명의위원들을 삼성바이오로직스와의 연결고리와 손실에대한 책임을 반드시 엄중히 물어야할것입니다.","5"
"정치개혁","◆-강남구 삼성동에 있는 대우멤버스카운티1차의 경우 지난해 ●16억원에 거래됐지만, 공시가격은 7억 8000만원이었다","0"
"성장동력","냉엄한 국제사회 현실이 그렇게도 안보이십니까?","13"
"정치개혁","◈-개발안된● 공원부지→를 아파트 부지로 하세요. 한채를 소유했던 유주택자에서 두채","2"
"문화/예술/체육/언론","마루마루사태에 대해서.. 불법업로드사이트들을 모두 처단하였으면 합니다.","11"
"경제민주화","문재인 대통령님 자기들이 스스로책임져야 하고 어떠한 이유로도 사기를 정당화하지 말아야 합니다.","11"
"정치개혁","소득주도경제정책의 실패를 인정하고 지금이라도 폐지하라!","3"
"안전/환경","교포가 하도 답답해서 청원드립니다.","0"
"안전/환경","교포가 하도 답답해서 청원드립니다.","2"
"기타","내년에 교복무상지급하는것을 반대합니다.","6"
"미래","한국의 미래는 지옥이다","4"
"육아/교육","인천 학생 추락사사건을 지켜보며.....","14"
"미래","빅 히트 상장을 미국에서 하게 해주세요.","0"
"행정","해외출장중인데 인터넷 직무교육 , 법정의무교육 와이프한테 대리교육 시키나요?","1"
"기타","이재명과 김경수 두명을 모두 살릴수는 없을거같습니다.","2"
"기타","음란물을 막지 말자","5"
"인권/성평등","정말 그게 청소년의 면죄부라 보시나요?","6"
"행정","대한적십자사 사기행각","6"
"기타","김&장과 검찰의 수사거래에 대해 의혹을 제기하오니 조사해 주시길 바랍니다.","1"
"교통/건축/국토","국민임대아파트.1인가구는 21평에살면 큰일 납니까?왜요?","11"
"정치개혁","형을더늘려야합다","6"
"보건복지","담배연기때문에 고통당하고 있습니다.","7"
"교통/건축/국토","택시와의 접촉사고 및 택시조합의 횡포 등","11"
"안전/환경","모든 휴대폰 번호가 조회되는 중국 사이트가 발견되어 충격적입니다.","6"
"외교/통일/국방","만약다른날에서북한빼고대책","2"
"정치개혁","국가의 과실로 대한민국도 문제이고 국민도 피해를 보고 있으며  기가찹니다. 도와주십시오","5"
"기타","한국전력배구단","17"
"안전/환경","아침에 밥좀 먹고 나오자 건설현장 출근 시간을 아침 8-9시로 해라...노동부,국토부 직원들 국민세금 빼쳐먹지말고","1"
"보건복지","경기지방노동위원회에 제출한 부당해고등 구제신청서을 제출하였읍니다. 경기지방노동회에서는 부당해고등 구제신청서번호가 없읍니다.","1"
"안전/환경","안전관리는 대행업체에 위탁하지 말고 직접 안전관리자를 고용해라","4"
"정치개혁","여성가족부 해체해라 국민세금아깝다.복지부로 통합해라 지금당장","12"
"기타","국민연금=공무원연금,군인연금,사학연금통합시켜라 국민세금 도둑질하지마라.똑같이 내고 똑같이 받자","8"
"교통/건축/국토","주민들의 안전을 무시하는 개발업자와 공사를 허가해준 공무원 그리고 시골주민","2"
"행정","청와대는  각성하라  약속이니   탁현민 내보내라","8"
"안전/환경","소년법, 심신미약으로 인한 감형 폐지를 언제까지 불안에 떨면서 기다려야 합니까?","17"
"교통/건축/국토","문대통령님 지지율하락 이유","25"
"인권/성평등","(동참) 국회의원도 무노동무임금 적용해야 된다","29"
"반려동물","반려동물의료보험","9"
"행정","법정의무교육","1"
"인권/성평등","(동참 바랍니다)나쁜 종교인들 강력하게 처벌해 주세요","14"
"문화/예술/체육/언론","우리 아이들의 꿈과 희망은 어른으로 인해 차별받을수 없습니다!!!","1,058"
"경제민주화","대통령님 삼성바이오로직스주주입니다","7"
"정치개혁","첫눈 왔다. 나간다고 말한사람 빨리 나가거라","10"
"안전/환경","긴급 재난 문자 한 곳에서만 보내게 해주세요 국민세금 낭비입니다.","9"
"기타","임종석 비서는  약속  안지키나","8"
"안전/환경","서울은 사건사고가 많네요. 이상하죠^^","0"
"육아/교육","양육비 받게 해주세요","13"
"기타","유시민 vs 이재명, 과연 최종 승자는?","2"
"기타","쌀 ㅡ비 흠뻑 젖은 배송처리껀","2"
"기타","소년법을 폐지시켜 주세요!!","9"
"일자리","공무원 정년을 55세로 해야 합니다.","4"
"정치개혁","국민은 도가 넘치게  '피로감과 짜증'을 느끼고 있다! 노동계,경영계! 나라를 먼저 생각하라 !","4"
"외교/통일/국방","대한민국 5000만 국민이여 늦기전에 정신 차리자! 악랄한 독재자 정은이의 노예가 될 수도 있다!!!","9"
"기타","메갈 워마드 폐지","5"
"일자리","시중은행에서 근무하는 청원경찰들의 과한 업무","3"
"보건복지","어린이 공원좀 빨리 만들어주세요","1"
"경제민주화","고아, 노숙자 게임 금지법","0"
"기타","쓸데없는 혈세 투입 반대","5"
"정치개혁","문재인 대통령 공무원연금 반듯이 개혁하세요","11"
"정치개혁","분열의 정치를 중단하라!!","14"
"정치개혁","중화제국 공산당원으로 조언하는데 한국 안락사 도입하시오","4"
"반려동물","나라를 지키는 군대?생명을 버리는 군인","46"
"미래","日, 2030년대까지 신형 호위함 22척 도입 ...대한민국 재 침략 기초 다지는 아베","2"
"정치개혁","적폐놀음 그만하시죠!!! 하늘이 웃음니다.","16"
"인권/성평등","남동이혼후 고충","3"
"기타","게시물 관리를 요청합니다.","2"
"보건복지","서울분당 **병원 척추수술","3"
"행정","평당사용료 256% 상승, 서울시 공무원의 갑질을 고발합니다  (내용추가)","3"
"반려동물","대통령님께.","9"
"정치개혁","국회의원 임기 2년 단임제","5"
"기타","분양한지 얼마나 됐다구 월세로 나온 집들이 즐비하네요.","4"
"교통/건축/국토","서울시의 집값잡기 위해 김포시의 교통을 빨리 편리하게 했으면 인구가 분산되고 적체된 김포시도 살리고","7"
"정치개혁","청와대는 결단을 내리시죠","1"
"행정","KT에 책임 묻고 고객에게 사과해야.... KT 건물 지하 화재로 인한 통신 장애에 대해 연락도 없어 시민들 큰 불편 겪어","3"
"기타","LPG가격 평준화","3"
"기타","조두순 출소 반대","66"
"기타","상대방의 갑질과 저의 정당방위를 주장합니다.","3"
"반려동물","동물병원에서 판매하는 심장사상충약을 의약부외품으로 풀어야합니다.","19"
"경제민주화","신용카드연회비를  없애주세요","6"
"저출산/고령화대책","내집마련 디딤돌 대출 비율을 시세의 70%에서 80%으로 상향해주시면 안되나요?","4"
"안전/환경","행정안전부 생활불편신고 앱 폐기처분해주세요.","2"
"인권/성평등","신생아 유기 사건을 본 후","2"
"안전/환경","당진 ㅇㅇ어린이집 아동사망사고 피해자의 엄마입니다.엄마아빠 얼굴도 못보고 하늘의별이된  저희아이와 저희가족좀 도와주세요..","7,054"
"성장동력","원전 재가동 ,탈원전 정책  포기","114"
"기타","면허증검사","3"
"외교/통일/국방","휴전선 불도저 확 밀어버리고 자유통행 합시다","1"
"행정","사법부 알파고로 전원 교체","6"
"인권/성평등","고통없이 자살할수 있는 안락사제도 도입해주세요","27"
"일자리","재활용 사업 활성화","2"
"기타","청소년 투표권 부여","7"
"성장동력","지나가는-강아지도아는경제살리는정책","5"
"반려동물","동물병원에서 판매하는 사료 '처방사료'라고 붙혀 판매할 수 없도록 해야합니다.","9"
"정치개혁","권력이 되버린  참여연대를  해체하라","29"
"성장동력","한국전력  부채 정부가 갚으세요.","5"
"기타","통신마비로인한 서울시민  재난상황","4"
"보건복지","외국인 긴급문자 영어 서비스 긴급 영어동시","1"
"기타","마루마루 대피소사이트 나왔습니다 막아주세요","13"
"교통/건축/국토","음주운전에 대한 행정처분 및 형사처벌 개정을 이렇게만 강화하고 동시에 사면대상자(일반사면대상자 및 특별사면대상자 모두 포함)에서도 음주운전자(음주운전은 중대범죄행위이다)만은 아예 완전영구히 제외해주세요","28"
"기타","청소년 소년법 폐지 해주세요","26"
"안전/환경","소음문제 더 이상 방치마라!!! 사람이 죽었다.","19"
"일자리","우리아빠를 살려주세요","11"
"정치개혁","건보료 석탄 연탄 버스 택시 도시가스 전기요금 쌀 우유 오른다","2"
"인권/성평등","너무 억울합니다.사실적시 명예훼손죄를 사라지게 해주세요..","48"
"기타","기름값유류세","0"
"외교/통일/국방","대통령 탄핵 대통령님 보세요","28"
"안전/환경","기상청 없애주세요!","1"
"경제민주화","국토부의 늦은 대처가 대구아파트 폭등을 부른다.","5"
"성장동력","원전재가동","66"
"인권/성평등","조두순의 출소를 반대합니다.","62"
"농산어촌","농어촌겨울난방비부담","16"
"경제민주화","서민을 위한 억울한 제도 좀 고쳐 주세요 열심히 부은 돈이 원금도 안된 답니다","10"
"교통/건축/국토","집값올리기에 종사해온 관료조직의 정비가 필요합니다","10"
"경제민주화","문재인 대통령님 삼성을 위한 삼성위원회라는 불명예 딱지를 금융위원회 스스로 떼어내는 계기가 되길 바라며,""삼성, 낡은 방식 청산하고 사회적책임 다해야""","2"
"정치개혁","나이를 속이고 북한의 이모를 만났던 대통령 문재인의 대국민 사과를 청원한다.","12"
"저출산/고령화대책","인공수정이랑 시험관비용 자비부담 좀  줄여주세요","12"
"교통/건축/국토","주택단지도로  주차금지법을","0"
"경제민주화","문재인대통령님 이게나라입니까?'무차입공매도' 차단 시스템 도입 앞당길 수 있었다…당국이 막았나, 대한민국 자본시장 적폐의 몸통이 만천하에 드러나는 순간입니다.","16"
"인권/성평등","국가의 성인권 침해에 따른 리얼돌(섹스돌, 전신인형, 성인용품) 세관법 허용 개정 청원","10"
"경제민주화","문재인 대통령님 '금융위 해체' 주장한 교수 세미나 일방취소한 KDI만행을 강력히 고발하며 금융위해체만이 한국 경제를 살릴 유일한 길임을 강력히 주장합니다.","3"
"정치개혁","문제많은 더불어 민주당 해체해라! 당을 없애라 !","11"
"교통/건축/국토","검단 ****** 추가 청약 거짓 메세지를 고발합니다.","2"
"경제민주화","중국보다 더한 딱퉁천국 대한민국 짝퉁때문에 벤처기업 다 죽는다","6"
"정치개혁","정치가 사생활(이재명)이 중요한안건인가요? 유치한 정치말고 수준높은 정치 정치적인 문제를 다루어주세요.","15"
"외교/통일/국방","한글파괴 일제 문화침략 국어로마자표기법 수사하고 책임자 처벌하라","0"
"교통/건축/국토","김현미장관은 스스로 사퇴하고 주택임대사업자 양도세비과세혜택은 즉시 폐지하라","27"
"교통/건축/국토","대통령님 청원드립니다","2"
"미래","자국민이 반대하는 북한 철도 공사 왜 하려하십니까???","13"
"기타","인터넷쇼핑물업체  택배요금  빽마진","1"
"보건복지","보훈병원에도 엑시머 레이져 기기좀 도입하게 해주세요","2"
"성장동력","공매도폐지해주세요","18"
"기타","아니 음주하면 형량 쳐 줄이지말고 더 강화하라고","2"
"성장동력","군산의 가상화폐(에어비트)사기꾼들","10"
"기타","의료보험료 폭탄인상.","12"
"농산어촌","피땀흘려 키운 나락vs 정부갑질","6"
"문화/예술/체육/언론","유튜브 방송 및 업로드 15세미만을 금지해주시기 바랍니다","4"
"외교/통일/국방","DMZ서 총 들고 만난 남북, 폭 12m 도로 연결","1"
"인권/성평등","[신고하세요]사찰이 돈 없는 70~80대 노인들 대상으로 납골당 등을 판매합니다.","6"
"저출산/고령화대책","다둥이에게 임대아파트 입주 우선권을","4"
"정치개혁","직권남용 및 직무유기 관련 형법 및 형소법 일부 개정 요청","2"
"미래","나라 돈은 어디로 가죠?","6"
"교통/건축/국토","음주운전 번호판","5"
"성장동력","문재인 대통령님 정경두 국방부장관님 군대복무 기간 12개월이하로줄여주세요","0"
"기타","대한민국의 법은 죽었다.","9"
"기타","마루마루 폐쇄","29"
"기타","살려주세요.도와주세요.가정폭력으로.아동학대로도와주세요","9"
"정치개혁","국회의원들 급여를 최저시급으로 명예 봉사직으로 바꿔주세요","31"
"육아/교육","대통령님 얼마나 많은 에너지를 더 생산하셔야 하시기에 아이들까지 피해를 주시는 겁니까?","15"
"인권/성평등","남북 도로, 철도 연결하면 뭐하나 탈북하다 걸리면 총 맞는데...","8"
"일자리","의대생정원을 늘려 주세요","4"
"문화/예술/체육/언론","까르네 가입","0"
"행정","모욕죄등, 명예훼손죄에 대한 전국 경찰들의 불성실한 자세에 대한 징계를 청원합니다.","13"
"기타","보험사들의 갑질","5"
"정치개혁","청와대도 윤창호법 대상자!!  국무회의서 즉시 통과 되길희망합니다!!  기강이 해이해요!!!","11"
"정치개혁","특별 당비를 요구 했던 쓰레기 ?조사하여 혀ㅇ무소에 보내라!","2"
"정치개혁","김해공항 BMW 사건 형벌을 높여주세요.","10"
"행정","공무원의 무책임한 행정","7"
"행정","전두환의 사형집행을 요구합니다.","4"
"정치개혁","정치인 고위 공직자 유명인 사칭 보이스 피싱 끊임없이 당하는 이유...","0"
"행정","참으로 안타까운일입니다. 과거26년전 경미한 사고이며 세월이흘러 강상도두번 변하는데 어느날갑자기 (2016년도 정부포상업무지침)여러번수정변경하여 퇴직자공무원들에게만 더 불리하게 적용한것은 잘못된 행정이며 불공평한 처리을 호소합니다.","5"
"정치개혁","청와대 1년 동안 벌칙으로 금주령하게 해주세요","5"
"보건복지","무상급식 일부 개정 요청","1"
"기타","원자력설비","4"
"육아/교육","국공립유치원 싸다고 너무 좋아하지 마세요 국민세금을 많이 걷어야 감당되지 않을까요 국민세금 아껴주는 사립유치원과 민간과 가정어린이집에 감사하세요","491"
"기타","이재명 사건은 검찰 사법통제 당의성을 증명하는 역사에 기록하는 청원^^*","6"
"육아/교육","노동법에 대한 교육을 정규 교육과정에서 할 수 있게 해 주세요","3"
"보건복지","대통령님께 올림니다.","2"
"정치개혁","국민정신건강 그리고 정신과","0"
"행정","국회를 세종시로 이전해 주세요","6"
"미래","자유한국당 폐쇄와 의전전원 탄핵을 요청합니다!!","11"
"교통/건축/국토","공공기관 지방이전으로 국토의 균형발전을이루워주세요","4"
"안전/환경","미세플라스틱으로 남는 종량제봉투, 생분해성봉투로 바꿔주세요!","6"
"보건복지","의사수가 부족합니다 의사수를 늘려 주세요","5"
"미래","조선일보 직장폐쇄해 주세요.","17"
"안전/환경","화성 장안리 농수로 변사사건 추리입니다. 납치범은 피해자의 전남자친구 입니다.","3"
"안전/환경","영등포 노들길 살인사건 추리입니다. 범인은 2006년 당산역 주변 빌라건물에 살고 있었습니다.","1"
"정치개혁","문재인대통령께 국민들의정신건강을위해","0"
"인권/성평등","성추행범으로 사느니 살인범으로 살겠다하면 어쩔거요....? ....페미대통령님....!","21"
"미래","자국민을지켜라","8"
"정치개혁","국민청원이 민원이다   국민청원 게시판에 올라오면 이게민원이다 한사람 민원이라도 청와대는 소홀히 하지마라","3"
"보건복지","치매등급 받은 자의 운전면허","5"
"보건복지","치매등급 받은 자의 운전면허","1"
"안전/환경","쓰레기 버릴때를 많이 만들기","1"
"인권/성평등","여성가족부랑셧다운제폐지해주세요","14"
"인권/성평등","조두순 출소","16"
"교통/건축/국토","☞☞☞""임대사업자등록제""폐지청원 원글(4,328명 동의중~)","16"
"정치개혁","국민들! 이대로 지켜보실건가요? 탄핵갑시다","23"
"저출산/고령화대책","노인  운전자  의견제안 하고싶습니다","4"
"경제민주화","소득주도경제성장 대한민국 경제를 더 어렵게 만들고 있습니다.","10"
"안전/환경","매일 아침마다 불안해서 못살겠습니다.","89"
"외교/통일/국방","광주공군훈련비행장 무안으로 이전해야합니다","3"
"외교/통일/국방","일본국적 연예인 출연금지","4"
"행정","피해자는 있는데 행정처분할 부서가 없다-는 대한민국 행정부~삼성을 행정처분하라!!","5"
"인권/성평등","강제징용노동자상 조속히 부산영사관 앞 설치를 촉구합니다.","1"
"인권/성평등","고의로 인한 살인행위를 해놓고도 양형이라고 2년이라고 하며 강제노역도 없답니다 이게 말이 됩니까????","2"
"일자리","IMF때보다 더 어려운것 같다","18"
"교통/건축/국토","치킨값인상,건강보험료인상,택시요금인상 물가도 못잡는 당정청 바보집단입니까?","12"
"경제민주화","일베,워마드,메갈리아,유투브 신의한수,강제규TV,자한당뉴스 차단해주세요!","5"
"일자리","무분별한 보안의 정장착용","1"
"보건복지","건강보험 인상반대합니다.","34"
"기타","국민과의 약속을 지켜야 하는 첫 눈이 내립니다.","6"
"정치개혁","KBS책임자없는 의료사고, 7년째 영안실 냉동고 !","5"
"일자리","CJ대한통운 및 택배 사파업에 따른 피해 보상 대책 청원","19"
"기타","사기죄 처벌강화  전월세사기등등","18"
"교통/건축/국토","대통령님 교통사고법 바꿔주십시오!!","7"
"인권/성평등","정부는 전과가 전혀 없는 국민에겐 혜택을 줘야 되지 않나?","2"
"성장동력","원자력의 재검토","40"
"정치개혁","법계는 YTN 김선영 앵커가 어디에 있는지 아십니까 ?","3"
"교통/건축/국토","저는시외버스기사입니다 불법정류장에 관해서","10"
"정치개혁","일하는 국회 , 유능한 국회의원 , 존경받는 국회의원 ,  이건 꿈인가요?","9"
"저출산/고령화대책","우리나라 '나이'에 대해 개정해주세요!","8"
"외교/통일/국방","불법약물을 주입한 라모스에 대해 대한민국 입국금지를 요청합니다.","3"
"정치개혁","삼성바이오로직스 주식거래 재개","4"
"미래","●명성교회와 정치인과의 비리를 철저하게 수사해주세요.. . .  .  . ※※요즘 대형교회가 친일보수화 되어가고 있습니다.","16"
"인권/성평등","언제까지 피해자보다 가해자에게 자비로운 나라에서 살아야 합니까?","13"
"행정","남에게 피해를 술이 담배보다 수백배인데,술병에는 왜 혐오스런 사진을 안 붙이는가요?","8"
"행정","술은 범죄의 온상...살인등! 술많이 먹고 비틀거리면...경범죄 처벌하자!","5"
"정치개혁","문재인 탄핵조건 차고넘친다","29"
"외교/통일/국방","6일동안북에나포ㅡ행적도 몰랐다는 문정부","11"
"문화/예술/체육/언론","애니메이션,만화사이트 탄압 그만하세요.적당히 해주시면 좋겠습니다.","14"
"문화/예술/체육/언론","우리나라는 현재의 심각한 언어파괴 및 단순화에 대해 심각성을 인지하고 대처해야 할 것 입니다.","4"
"육아/교육","정시모집 확대 수시축소","28"
"기타","www.n*****.co.kr 인터넷 교육을 없애주십시오","0"
"일자리","사서교사 채용을 반대합니다.","7"
"인권/성평등","법으로 가족관계 단절 할 수 있게 해주세요.","607"
"기타","혜경궁김씨가 최종결론이 이재명부인이라면","2"
"기타","경제가 imf보다 더힘든것 같습니다","12"
"보건복지","에너지 빈곤층이 주로 사용하는 등유에 붙는 세금을 삼면해주시던지 신재생 에너지 설치비를 지원 해주세요.","7"
"보건복지","저소득층이 주로 사용하는 등유에 붙는 세금을 인하 해주세요.","10"
"인권/성평등","청소년 보호법의 개선 혹은 폐쇄","14"
"외교/통일/국방","한나라당에  중국 고전{古典}을 통달한 천재가 들어왔나 보네.","1"
"문화/예술/체육/언론","마루마루,애니24 막는 이유...","49"
"보건복지","술 담배 구입시 본인 책임으로","2"
"외교/통일/국방","김정은이 백번만나면 뭐하냐. 정권 빼앗기면 끝인데...","12"
"인권/성평등","출동 경찰관의 이해못할 행동과 지구대","11"
"안전/환경","미세, 초미세먼지와 관련한 먹거리 안전","10"
"미래","공권력이 얼마나 안일하고 태만한지요?","5"
"보건복지","실업자에게 국민연금을 생활비로 반환하라","8"
"정치개혁","더이상 잔인한 살생을 여기서 멈출수 있게 도와주세요","73"
"인권/성평등","내부자 거래하는 코인빗 처벌부탁드립니다.","1"
"문화/예술/체육/언론","그것이 알고 싶다 웹하드 편 방송 좀 막아주세요","1"
"교통/건축/국토","일용직 근로자입니다.","5"
"경제민주화","국민연금이 현대자동차의 주식을 폭락시키고 있습니다. (비쌀 때 사서 쌀 때 팝니다.)","2"
"보건복지","****병원 '벌레링거' 파문...네티즌 ""수액도 못 맞겠다"" 분통","2"
"보건복지","변색된 수액에 '새 라벨'…들춰보니 보름 전 사망 환자 이름","9"
"정치개혁","범죄자 가족들 방송퇴출 부탁합니딘","125"
"행정","국민건강보험 아무리 이해를 하려해도 이해가 안됩니다.","76"
"정치개혁","제 2의 박근혜 정부가 되려는 겁니까?","6"
"문화/예술/체육/언론","★저는『대한예수교장로회총회/합동』에 소속이 된...","0"
"교통/건축/국토","안성 ****** 입주 예정자입니다","6"
"안전/환경","강서구 살인 사건","2"
"보건복지","무료급식사업","0"
"안전/환경","쓰래기 분리수거","0"
"외교/통일/국방","방탄소년단의 광복절을 찾아주세요..","4"
"교통/건축/국토","서민을 위한 공공임대 10년 과연 누굴위한 공공임대인가","167"
"안전/환경","가정폭력","9"
"안전/환경","법강화","4"
"보건복지","법을 몰랐습니다 .. 가족을 잃고 술에 취해살았습니다","51"
"기타","2019년도 sns,쇼핑내역등 신용등급반영 문제입니다.","0"
"육아/교육","갑질하는 아이들에 부모 벌주세요.","12"
"경제민주화","신용카드 결제거부","5"
"기타","반항안하니까 이따구로할래?","2"
"기타","애니24나마루마루를막으실거면그만내려오시죠","8"
"정치개혁","부동산정책","2"
"기타","간통죄 부활시켜주세요","236"
"기타","저희 어머니, 그리고 , 저희 형 , 그리고 나 이학래 억울함 풀어주세요.","1,800"
"정치개혁","♣-토지거래 허가제 근거법→ 헌법23조 제2항(재산권의 행사는 공공복리에 적합),헌법122조","1"
"보건복지","장애인식개선 공익광고를 제안합니다. 정부의 의지를 보여주세요.","8"
"인권/성평등","사형집행을 해주세요","18"
"안전/환경","음주운전 경찰들의 단속만으로 될문제인가","12"
"보건복지","****** 병원, 환자에 유통기한 8개월 지난 수액 투여","2"
"안전/환경","온라인 공개성매매 채팅 **클럽을 없애주시오","2"
"행정","애니메이션, 만화등등 저작권법 어긋나는 사이트 잡지말아주세요...","10"
"기타","청원서  도와주세요","3"
"인권/성평등","서울교구 가톨릭 신부 억울함 호소 !!! 엉터리 재판","16"
"문화/예술/체육/언론","연예인들이 매체에서 SM, YG, JYP 등...소속사를 노골적으로 밝힐 수 없게 해주세요.","5"
"기타","2018 대한민국 집단지성 연석회의 명단","1"
"문화/예술/체육/언론","별거 아닌 주민 청원입니다.(대구시 남구 문화관광거리?)","0"
"인권/성평등","감호소의 처우 개선","0"
"육아/교육","수능에 대한 검토 부탁드립니다.","8"
"인권/성평등","악성 페미니즘의 제재를 청원합니다","11"
"정치개혁","선거 문자,전화 하지말아주세요","0"
"인권/성평등","일본유학시 일본사람에게 폭행과마약","1"
"기타","성폭행 가해자 ***를 경찰에서 당장 내려주십시오.","22"
"미래","이제 기부 만이 답이다....","1"
"교통/건축/국토","배달 오토바이 신호위반 및 불법개조 강력단속 요청합니다.","14"
"미래","법이 조두순을출소시키면 이젠 국민들이 나설수밖에없네요","45"
"교통/건축/국토","성남 내곡터널 교통사고 가해자를 사형시켜 주십시오","45"
"일자리","선거공약 적폐청산 팽개치고 벌써 공천 줄세우기 시작?","6"
"교통/건축/국토","소형 건축 무면허 시공에 형식적 검사, 건설비리 기초 만든다","1"
"보건복지","흡연규제?","3"
"보건복지","장애인  전자도서  지역 해제","0"
"정치개혁","자살이란 가면을 쓴 타살 인천 16세 여중생 자살 사건에 대하여 소년법 폐지와 이에 대해 아무런 대책을 세우지 않았던 학교의 정확하고 숨김없는 진실을 밝혀주세요.","2,294"
"일자리","보건소 방문간호사의 고용안정을 부탁드립니다.","6"
"보건복지","흡연청소년 흡연부스에 몰아넣자","2"
"미래","문재인은 노예다!!!","0"
"미래","대한민주주의인민공화국이라도 만들생각이세요","10"
"육아/교육","비리의 온상인 수시 축소 정시확대","30"
"육아/교육","대한민국 중/고등학생 교복을 바꿔주세요","1,398"
"인권/성평등","신림4동 (관악 신사동)  노인 범죄 좀 해결해주세요","1"
"안전/환경","음주로 인한 심신미약 상태에서 흉기를 잡으면 감형? 음주로 인한 심신미약 상태에서 운전대를 잡는다면?","20"
"인권/성평등","셧다운제 폐지","2"
"경제민주화","문재인 대통령님 삼성바이오로직스의 회계조작과 언론의 나쁜 짓을 고발합니다.","14"
"경제민주화","문재인 대통령님 국민연금공단 안효준,기금운용본부 박능후,국민연금공단 김성주,기획재정부차관20명의위원들을 삼성바이오로직스와의 연결고리와 손실에대한 책임을 반드시 엄중히 물어야할것입니다.","7"
"경제민주화","문재인 대통령님 ""국민연금과 삼성바이오로직스는 무슨 관계가 있는 건가요?""","4"
"육아/교육","사립유치원과 국공립유치원","26"
"경제민주화","문재인 대통령님 61억으로 500조를 지배하는 마법- 삼성에서 이재용 일가가 떠나야 하는 이유이며,삼성바이오로직스를 반드시 상장폐지 시켜야 할 이유 입니다.","5"
"외교/통일/국방","북한의 속임수 욕심 야욕","11"
"경제민주화","문재인 대통령님 '금융위 해체' 주장한 교수 세미나 일방취소한 KDI만행을 강력히 고발하며 금융위해체만이 한국 경제를 살릴 유일한 길임을 강력히 주장합니다.","4"
"행정","정책을 홍보하실때 유럽사례라든가 영미사례를 방송으로 홍보좀해주시길바랍니다","1"
"경제민주화","문재인 대통령님 삼성, 삼성바이오 분식회계 등 법적·사회적 책임 다해야하며,삼성에서 이재용 일가가 떠나야 하는 이유이며,삼성바이오로직스를 반드시 상장폐지 시켜야 할 이유 입니다.","9"
"정치개혁","단군이래 최악인 문재인 정부","21"
"안전/환경","음주범죄=심신미약=감형? 음주운전사고=심신미약=감형!","16"
"정치개혁","문재인대통령탄핵.","20"
"성장동력","멈춘 원전을 재가동해주십시요","72"
"기타","남녀차별 하는 선생님들 공무원 박탈 해주세요,,","4"
"경제민주화","최저임금 만원 인상 꼭 하셔야 합니다 그러나","2"
"미래","이땅에서 살다가 자살한 수많은 자살자 영영들의 넋을 달래며","4"
"정치개혁","국회의원의 고연봉 등 특권 심각","11"
"보건복지","기초 국민연금 연계 폐지 건의","6"
"정치개혁","勞社(노사),北美(북미) 등 잘못된 용어 개정 청원!!","2"
"문화/예술/체육/언론","애니,만화 사이트 그만막으세요","244"
"기타","청와대가 갈수록 개판되는지 아는가 대통령 공무원 사랑 때문이야","6"
"문화/예술/체육/언론","도서관 주차장 문제 해결해 주세요.","2"
"보건복지","*****병원 영안실에서 7년째 고통받는 젊은여성을 도와주세요","22"
"저출산/고령화대책","저예산의 실질적 저출산 해결 및 육아복지 방안","1"
"인권/성평등","TV조선 운전기사 폭언","13"
"인권/성평등","장애인활동지원사 휴게시간저축제 반대합니다.","248"
"육아/교육","양육비","12"
"보건복지","국민건강보험공단이 몇십만원 심지어 몇만원 잔고의  서민 통장도 압류해 은행거래 마져 못하게 만들어 서민이 더욱 고통 받고 있습니다","13"
"문화/예술/체육/언론","부산 정관 병**리 ***컨트리클럽 회원 관련입니다.","1"
"보건복지","재외국민의료 보험에 가입하게 해주세요.","0"
"기타","무능한 대법원장 김명수 때문에 사법부가 개판오분전이야","4"
"기타","청와대는 돈이 남아도는구나 1차2차3차 매일 회식이구나","8"
"농산어촌","백령도에 석유및가스 가격 육지보다 비싼이유 밝혀 주세요.","3"
"문화/예술/체육/언론","한국 국적을  갖 지  않은  연예인들이  국내에서  활동을  금지 해주세요.","19"
"육아/교육","언어폭력 및 사이버폭력 강력처벌 요망","6"
"농산어촌","부산 기장군 철마면 입니다.","0"
"기타","부산광역시 사상구 ** ** 아파트 ***동 ***호 김** 총무에 대한 청원","4"
"안전/환경","고의적이 교통상해 을 당하여 신고 하였는데도 가해자는 죄가 없다고 합니다","3"
"외교/통일/국방","북한과 통일 관련해서 신중하게 생각해야 합니다.","15"
"육아/교육","소년법 폐지","21"
"정치개혁","문재인과 그밑의 종북세력을 탄핵합니다.","21"
"미래","정기기사 시험","1"
"반려동물","강아지공장을 없애주세요","61"
"미래","주인이 여러번 바뀌는 나라","3"
"기타","사법부 개판인데 김명수라는 작자는 한세월 잘보내는구나","4"
"미래","유은혜 사회부총리 겸 교육부 장관을 해촉해주세요","8"
"육아/교육","학교에선 이 벌을 강화해주세요","9"
"교통/건축/국토","공공사업 비리에 대한 정부의 책임을 물어 보고 싶다","6"
"기타","음주차량에 동승했는데 방조자가 아니면 뭐냐? 창와대 이따위로 국정운영 할거야","5"
"기타","한국을 빛낸 100면의 위인들","2"
"미래","학교폭력! 이제 두고만 볼 수 없습니다. 국민 여러분들의 힘을 모아주세요","10"
"정치개혁","뻔뻔한가족 모두 반드시 방송퇴출 부탁해요","168"
"정치개혁","인천공항 BMW 택시 사고사건 #금고형 #돈이면장땡 #돈이깡패 #다시한번 느낀다 #법위에 돈있다","14"
"안전/환경","심신미약 폐지와 폭력.성폭력.살인.강간.사기 등이 억질 범죄 처벌 높이기","18"
"기타","***학원 숙제","3"
"성장동력","아파트 각층마다 만남의쉼터및 아이들이 놀수있는 공간을 만들어주세요","2"
"행정","공무원 직무유기는?","5"
"인권/성평등","친조부모상 vs 외조부모상 경조휴가기준 회사에 따라 다르다...?","4"
"정치개혁","북한은.아직도핵실험중이라는대.정부.대통령은.무응답?","9"
"외교/통일/국방","수도방위사령부 제****여단 ***대대 *중대 병사 자살 사건","55"
"육아/교육","수능 등급제 폐지해주세요","8"
"행정","상수원보호구역 토지 실질적  보상","2"
"보건복지","노인빈곤, 건강문제 해결을 위해 노후소득보장정책 및 건강정책을 제고해주세요.","5"
"미래","●명성교회와 정치인과의 비리를 철저하게 수사해주세요.. . .  .  . ※※요즘 대형교회가 친일보수화 되어가고 있습니다.","9"
"성장동력","국가 및국민경제 성장","0"
"일자리","참여연대의 완장질을 멈춰주세요!","5"
"육아/교육","농어촌 학생에게 기회를 제공해주십시오","3"
"성장동력","원전재가동을 간곡히 청원합니다.","96"
"육아/교육","수능 EBS연계 폐지해주세요","5"
"인권/성평등","나영석 피디의 갑질 행태에 대해 적절한 조치를 청원합니다.","420"
"보건복지","국민건강보험료부가 기준에 대하여","11"
"교통/건축/국토","김해공항 BMW 교통사고 사망사건 고작2년??","26"
"기타","청량리 역 앞의 서명운동","3"
"육아/교육","조상호 시의원을 협박한 서울시교육청 소속 공립유치원 관계자에 대한 파면을 촉구합니다.","3"
"미래","우리가 친일의 역사를 망각하거나 무관심 할때 친일들은 또 다시 우리를 정복하여 분열시키고 나와 우리들의 형제를 죽이고 반역자 이완용이같은 사람이 왕이되는 나라로 만들것입니다. 친일=적폐청산 끝까지 청산해 주세요","8"
"육아/교육","대입 논술 미응시자에게 전형료를 환불해 주세요","1"
"정치개혁","하 태 경 + 이 정 렬의 + 백 해 무 익 한 고 소 고 발","9"
"경제민주화","한국GM 국유화 추진해 주세요.","3"
"행정","음주운전 전력/징계 받은 공무원 전원 해임하라. 고위직 승진자도 많다.그러니 바로잡히지 않는 것이다.","8"
"일자리","불체자만단속해도 일자리늘어난다","9"
"기타","문재인 대통령 트위터를 도용한자를 즉각 수사하라","20"
"미래","조두순 출소를 반대합니다.","32"
"안전/환경","길거리 흡연소 조속히 설치하고 길거리 흡연 처벌기준 높여주세요!","10"
"기타","미성년자 주점 출입금지에 관한 관련법 변경...","3"
"기타","도와주세요  너무억울합니다","861"
"안전/환경","우리를 위해 힘써주시는 경찰관, 소방대원의 처우를 개선해주세요","17"
"정치개혁","조두순  만기되면 출소해야죠","6"
"안전/환경","길거리에서 담배좀 피지 마세요","17"
"문화/예술/체육/언론","kbl 농구 조작수사 부탁드립니다.","0"
"외교/통일/국방","G20 가는 문대통령, 트럼프와 다시 만나 비핵화 진전 성과 내나","1"
"기타","서울9호선 다단계 구조 철회밎 박원순서울시장사퇴","3"
"미래","대통령님","3"
"정치개혁","이재명도지사,안희정,김종천,최성규농어촌사장,김경수도지사 당제명을 촉구합니다.","13"
"인권/성평등","외국인 유입으로 국민의 삶은 피폐 해지고 있습니다.","14"
"정치개혁","한번도 겪어보지 못한 경험을 하고있다. 이게 나라냐?","8"
"경제민주화","대한민국 경제를 좀 살펴주세요","10"
"경제민주화","직장내에 갑질에 대해서 처벌 수위를 올려 주십시오.","5"
"정치개혁","혜경궁김씨는 누구입니까?","3"
"기타","공직기강은 청와대 부터 하실래요","8"
"교통/건축/국토","청와대는 음주운전자 집합소입니까?","15"
"외교/통일/국방","나라의 장래가 걱정됩니다(적화통일은 절대 안됩니다)","902"
"정치개혁","징계해서 내보내세요","6"
"인권/성평등","악마 오영춘사건 재수사를 촉구합니다.","18"
"정치개혁","레임덕이","3"
"인권/성평등","조두순 출소로 제2의 나영이와 같은 범죄가 일어난다면...","23"
"기타","야한사이트 운영자들 검거해주세요 !","7"
"외교/통일/국방","문화재복원","1"
"문화/예술/체육/언론","합법적인 컨텐츠 이용자의 박탈감을 해소해주세요","17"
"일자리","공기업체용비리","9"
"교통/건축/국토","2015년식 만트럭을 소유한사람입니다엔진결함으로 안전운전을하기어렵습니다","3"
"인권/성평등","필리핀**선교회 **** 선교사 폭행 및 폭언","4"
"교통/건축/국토","음주운전에 관해","6"
"교통/건축/국토","전용도로 오토바이 입장허가","6"
"보건복지","국민연금일시금받기","9"
"육아/교육","성교육","1"
"보건복지","실업자 국비교육","1"
"교통/건축/국토","무분별한 태양광설비 이대로 좋은가?","15"
"외교/통일/국방","사회복무대상자의 심각한 적체해소 요청","2"
"인권/성평등","소방관님들 존경합니다","3"
"경제민주화","청원서  도와주세요","5"
"문화/예술/체육/언론","예체능입시비리","6"
"정치개혁","♣-소득 양극화 11년만에 최악,♣-""올해 신판포 자이가 84평방미터가 ●10억7500만원 상승"".""","2"
"정치개혁","여성가족부 폐지 희망합니다","12"
"안전/환경","조두순 무기징역으로","36"
"안전/환경","트럭 과속방지장치 단속","4"
"정치개혁","♠-이명박→ 정부시절엔 ●반값 아파트(1평당 1000만) 공약 시행을 위해  그린벨트를 해제해","4"
"정치개혁","♠-노태우 당시●200호  건설공약을 제시하고 강남의 대체재로 수도권에 분당,일산등 신도시를","0"
"안전/환경","김해공항 BMW가해자를 엄벌히 다스려주세요","49"
"정치개혁","민주노총 하고 참여연대 를 불법 단체로 입법화 합시다","14"
"성장동력","원전재가동","28"
"보건복지","위메프가 너무 힘들게해요","3"
"교통/건축/국토","부동산집값잠재울려면불법전매무효판결하라","5"
"외교/통일/국방","베트남의 한국군증오비 철거요구해주세요","6"
"보건복지","어린이집 급간식을 정부에서 초등학교 같이 모두 해 주시기를 바랍니다","100"
"정치개혁","선거권 인령을 인하해주십시오","2"
"정치개혁","♠-강남4구등등 인근에 그린벨트 ●30만호의 저가 국민주택 이하의 아파트로 저가로","2"
"인권/성평등","이수역거짓청원삭제해주세요","31"
"외교/통일/국방","병역판정검사 재검사를 위한 병무용 진단서","0"
"정치개혁","◆-日本은→부동산 거품이 꺼지면서 15년동안 ●1/3 수준으로 폭락했다","0"
"육아/교육","어린이집","0"
"정치개혁","♣-청년 가구는●45년을 한푼도 안쓰고 모아야 서울강남 중간 가격의 아파트","3"
"미래","대한민국의 미래","4"
"미래","대한민국의 미래","1"
"정치개혁","♣-지금 3급이하의 그린벨트(훼손된 지역)해제 → 57년전 서울인구 약 160만명 시대의 유물입니다","1"
"정치개혁","◈-개발안된● 공원부지→를 아파트 부지로 하세요. 한채를 소유했던 유주택자에서","4"
"육아/교육","특성화고 오전수업","10"
"성장동력","자영업자입니다","6"
"안전/환경","조두순 신상공개해주세요","37"
"정치개혁","백성은 죽어가는데....","9"
"인권/성평등","죄목에 따라 사형제도를 부활시켜주세요","64"
"기타","휴대폰 기본요금을 세금공제해주세요","0"
"외교/통일/국방","리비아 피랍 한국인의 조속한 해결을 바랍니다.","3"
"경제민주화","문재인 대통령님 삼성바이오로직스의 회계조작과 언론의 나쁜 짓을 고발합니다.","10"
"정치개혁","이재명과 민주화를 위한 변호사 모임의 유착관계를 밝혀주시기 바랍니다","0"
"안전/환경","숯불사용과 호흡기 곤란","0"
"경제민주화","문재인 대통령님 전성인 ""'금융위 해체, 금융위원장 사임' 내용 문제삼아 발표 거부당해""반드시 조사 바랍니다.","4"
"경제민주화","원전 재가동 동의합니다.","26"
"문화/예술/체육/언론","제2의 마루마루 사이트 폐쇄 요청합니다.","2"
"경제민주화","문재인 대통령님 61억으로 500조를 지배하는 마법- 삼성에서 이재용 일가가 떠나야 하는 이유이며,삼성바이오로직스를 반드시 상장폐지 시켜야 할 이유 입니다.","2"
"정치개혁","정치인 재산 법원공탁 후 정산제도 헌법 반영 청원.","3"
"육아/교육","초등 돌봄전담사 자격","0"
"경제민주화","문재인 대통령님 세계적으로도 유래를 찾아보기 힘든 대형 경제범죄인 불법적인 회계 조작, 삼성물산과 제일모직의 합병에 국민연금을 이용한 이재용이를 일벌백계 처벌 바랍니다.","3"
"정치개혁","청와대 실세들의 권한 남용을 수사하라","14"
"경제민주화","문재인 대통령님 누가 대한민국을 공매도 천국, 영원불멸 공매도 제국으로 만들었을까요?","27"
"교통/건축/국토","아침출근시간 도로공사","2"
"교통/건축/국토","울산 호수공원 대명루첸 선분양제도의 유뢰없는 피해사례","1,116"
"기타","신혼희망타운 자격","2"
"육아/교육","공교육을 살리는 신개념 교육정책 제안서","5"
"일자리","민노총갑질","10"
"안전/환경","가족간성범죄와.미성년.성폭행범.좀 엄하게 처벌합시다","15"
"문화/예술/체육/언론","조선일보 막말보다 더 심각한 한겨레,조사해주세요","5"
"기타","부산지방법원 파산2부 공정성 여부(제목)","131"
"외교/통일/국방","연평도 8주년 행사에 참석하지 못한 이유를 밝혀주세요","9"
"기타","조두순 출소를 막을 방법은 현실적으론 없지않을까요..","4"
"보건복지","장애인등록","4"
"일자리","공공기관 취업시 다둥이 가산점 만들어 주세요","1"
"안전/환경","제발 조두순 출소 못하게 해주세요","53"
"경제민주화","보이스 피싱을 당했을 때 거래 금융기관의 책임","3"
"정치개혁","조두순 출소 반대","173"
"육아/교육","부산 ****유치원 폐원을 막을수 있는 제도를 도입해주세요","441"
"외교/통일/국방","한국어선이 나포됐을때 해경..","3"
"문화/예술/체육/언론","조선일보 막말? 한겨레는 깨끗하냐?","5"
"정치개혁","문재인 대통령님 제발 정신차리세요","17"
"교통/건축/국토","대한민국 2종소형 면허 시험이 세계에서 가장 어렵습니다!","5"
"성장동력","원전사업재개","15"
"행정","공용차량을 개인적 용도로 사용해도 되는 겁니까 ?","5"
"육아/교육","수시 비율  줄여주세요","29"
"일자리","경제야~ 이제가면 언제오나~ 에헤야 ~데헤야","6"
"미래","문제의 담배꽁초","4"
"인권/성평등","대전광역시 이름권 침해 놀리는 사람들이 범죄사건이 일어났습니다. 사회적약자 놀리기 처벌법 제정을 청원합니다.","0"
"안전/환경","음주운전 형벌을 강화해주세요.","21"
"행정","국민신문고 문제점","1"
"육아/교육","수능 심각한 문제 아닙니까? 대통령님!!","9"
"정치개혁","왜 20만이죠?","5"
"기타","차 산업, 물 들어올 때 노 젓자...라는 대통령의 말에 절망감을 느끼며.","5"
"경제민주화","공매도 폐지하라","13"
"외교/통일/국방","이제 군에가는 놈들은 비양심적인 놈들인가? 법원에서도 양심적이면 군에 안가도 된다는데…그러면 군에 가는 청년들은 뭐라고 불러야 하는지?","11"
"정치개혁","이용주 음주 운전 잠재적 살인자 ! 지금 어디에?","6"
"안전/환경","조두순","41"
"정치개혁","문재앙 탈원의 재앙이 오고 있다.","25"
"정치개혁","이용주,박용진이가 하면 죄가 없다? 그러니 김종천이 음주하지~!!","10"
"일자리","혈세낭비 실업급여 없애주세요","6"
"정치개혁","울산지법 김태규 판사 해임","3"
"정치개혁","카풀서비스로 인한 성범죄국가란 인식","20"
"인권/성평등","아이셋있는 유부남과 바람핀 이** 교사직 박탈 해주세요.","12"
"미래","국민연금 공무원연금 차별없이 개혁해 주세요","15"
"육아/교육","유치원 교사 사례처럼, 국가에서 급여보조해주는데 고용주가 다시 앗아간 금액 좀 돌려주실수 있으세요?","1"
"인권/성평등","언론들의 명성교회 세습날조 처벌해주세요","3"
"안전/환경","조두순사건 담당 판사,검사,청와대 TV에서 공개적으로 대책을 마련하세요!!","19"
"인권/성평등","살인범""대한민국 청와대"" , 살인교사""대한민국 국회"" 너희들은 국민을 생각해본적 있습니까?","25"
"육아/교육","탁아소 문제가 너무 심하네요.","1"
"행정","교통사고 피해자 입니다. 횡단보도의 페인트가 지워지면 횡단보도가 아니게되는겁니까?","34"
"안전/환경","누구말대로 이게 재판인가요","12"
"기타","대출규제에 따른 선의의 피해자를 구제해주십시오","2"
"안전/환경","조두순 출소후 재범이 또 일어나면 그땐 어찌 책임질 것인가요?","43"
"교통/건축/국토","3기 신도시 계획되로 추진해 주세요.","16"
"보건복지","어린이집 평가인증 원장.교사.학부모님들이 그렇게 반대했는대도 18.11.23일 국회에서 의무라고 통과시키네요 국민들을의견을 대변하는 국회의원님들도 못 믿겠네요","1,248"
"행정","분당구와 구성남지역(중원구,수정구 및 여타 광주시)분리 해주세요","3"
"기타","손바닥으로 하늘을 가리려 하는 장수산업 장수 돌침대의 불공정 거래 갑질","47"
"행정","평당사용료 256% 상승, 서울시 공무원의 갑질을 고발합니다","8"
"안전/환경","앞으로의 일들이 기대가 됩니다","3"
"인권/성평등","대한민국 길거리에서 국민이 맞아죽는다는 게 아직도 가능하단 말입니까","19"
"기타","외국인에게 사기치는 LG유플러스 대리점을 고발합니다","4"
"일자리","포괄임금제는 죄악입니다","15"
"정치개혁","야비하고 더러운 사법시스템에 분노하는 자도 없구나.(망국 적폐)피의 혁명이 곧 온다.","2"
"보건복지","합리적이지 못하다고 생각하는 의료보험법","6"
"보건복지","혹시 정권에 불만이 많은 사람들로 인해 청년건강검진으로 돌리려는거 아닌가요?","3"
"육아/교육","대학 특기생 수시비리","2"
"안전/환경","음주운전은 살인입니다","23"
"미래","하야해주세요","5"
"일자리","소상공인 지원이라기에 정부지원인줄 알았는데","0"
"보건복지","조기출산 제왕절개 치료비지원90프로 기간제","2"
"보건복지","국민연금 개선방향에 관한 청원","7"
"문화/예술/체육/언론","왜 일본과 한국만 스마트폰 카메라 소리가 나야되나요?","9"
"인권/성평등","성매매 합법화","15"
"기타","경찰교통단속에 대하여","8"
"안전/환경","문재인 대통령 손자 폭행","6"
"행정","정부는 삼청교육대 부활시켜라","3"
"정치개혁","야비하고 더러운 사법시스템에 분노하는 자도 없구나. 망국 한국의 최후가 다가온다.","1"
"기타","발신자가 누군지  모르는 무분별한 수신문자와전화 없도록 해주세요","4"
"행정","김해공항 도로과속질주-살인범-금고형이라니 법이뭐이런법이있냐?","32"
"기타","소비자를 기망하는 '네이버쇼핑(네이버페이)'과 '레이크'의 행위를 고발하며 조치를 촉구합니다.","3"
"인권/성평등","부산지구대황**경위를 파면해라","2"
"반려동물","공동주택에서 애완견 사육에대해...","7"
"정치개혁","청원20만넘어도 아무소용없는 국민청원 각성하세요","13"
"교통/건축/국토","제발 도아주세요 92억알박기때문에 재건축 진행이 안되고 있습니다","9"
"안전/환경","조두순이  그날 나영이에게   !!1","28"
"기타","김해공항 가해자 금고 2년형","18"
"안전/환경","나영이 보디가드","23"
"행정","자동차","2"
"교통/건축/국토","카풀이런이유로반대합니다!!!","60"
"미래","처벌을 강화한다해서 범죄율 안줄어든다 이런 개소리 집어 치워주세요","5"
"일자리","중소기업좀 살려주세요 대통령님 제발!","4"
"인권/성평등","서울대학교 수리통계 2 수업 폐강해주세요","2"
"경제민주화","여성기업 각종혜택 축소 또는 폐지해주세요","1"
"안전/환경","삼청교육대 부활!","2"
"육아/교육","사립유치원에 대하여 한국에도 더불어민주당 국회의원이신 오제세의원님같은 현장을 잘 파악하시는 훌륭한지도자님이 계셔서 앞날을 기대됩니다 감사드립니다","124"
"육아/교육","사립학교 개혁 국가의 미래가 달렸습니다.","1"
"일자리","'카풀'은 혁신으로 포장된 살인입니다.","12"
"행정","법이 너무 약하다","9"
"경제민주화","고액체납자 관련법 개정요청","5"
"저출산/고령화대책","출산 장려","2"
"정치개혁","울산지법 판사 김태규의 난동","4"
"보건복지","암환자 2차표적치료제 급여","23"
"행정","한국교도소","1"
"안전/환경","운전면허 취득을 매우 어렵게 해주세요","7"
"정치개혁","일 안 하는 국회의워들, 설 자리 없게 해주세요","16"
"교통/건축/국토","사업자금 담보대출 대부업체에 빌려야 하나요.ㅠㅠ","0"
"안전/환경","재범률 반성없는  성폭행범  조두순출소반대","47"
"정치개혁","불법체류자,밀입국자,가짜난민 취업을 자국민과 동일하게 하는 “글로벌콤펙트 협약 서명 추진”중단을 요구합니다.","26"
"성장동력","원전재가동","34"
"기타","조두순 기억상실","4"
"안전/환경","김해공항 BMW 운전자 처벌강화","68"
"문화/예술/체육/언론","놀고 먹는대한민국 예능을 바꿔주세요","8"
"안전/환경","김해공항 과속사고의 가해자인 BMW운전자가 겨우 2년인게 말이 안됩니다","31"
"안전/환경","아침에 밥좀 먹고 나오자 건설현장 출근 시간을 아침 8-9시로 해라...노동부,국토부 직원들 국민세금 빼쳐먹지말고","1"
"안전/환경","안전관리는 대행업체에 위탁하지 말고 직접 안전관리자를 고용해라","2"
"육아/교육","교내 학교폭력 예방 프로그램을 다른 효율적 프로그램으로 바꿔야 합니다.","4"
"행정","사기치면 성공하는 나라, 이게 정상입니까?","62"
"육아/교육","학교 선생님에 대한 법 만들어주세요","46"
"인권/성평등","꼭 이루어 졌으면 합니다..","7"
"육아/교육","학교폭력! 이제 두고만 볼 수 없습니다. 국민 여러분들의 힘을 모아주세요","4"
"정치개혁","여성가족부 해체해라 국민세금아깝다.복지부로 통합해라 지금당장","7"
"정치개혁","부산지법 양재호 판사의 파면을 요청합니다","29"
"기타","국민연금=공무원연금,군인연금,사학연금통합시켜라 국민세금 도둑질하지마라.똑같이 내고 똑같이 받자","11"
"경제민주화","빈익빈 부익부. 성안당 출판사의  사기 부동산 임대","12"
"일자리","신생기업 지원프로그램에 대해 문의드립니다.","0"
"일자리","CJ대한통운의 노사 대화가 이뤄질 수 있도록 정부가 나서주세요","3,148"
"교통/건축/국토","아파트 옥상 의 각종 사건 사고 많이 일어나고 있읍니다","2"
"안전/환경","김해 공항의 끔찍한 사고의 가해자인 BMW운전자가 금고형 2년 밖에 받지 못했습니다","62"
"기타","대한민국 당장 해체하세요.","6"
"안전/환경","조두순에 대해 화학적 거세를 해 주세요.(출소 전부터 죽을 때까지)","285"
"인권/성평등","미성년 가해자 부모 재산 보상 의무화","9"
"정치개혁","경기도지사 이재명 그만하세요","13"
"기타","대한민국의 국교를 단군교(즉 단군왕검님)를 모셔야 마땅한것입니다.","0"
"인권/성평등","미성년 가해자 부모 재산 보상 의무화","3"
"기타","조두순 무기징역이 안되면 얼굴을 공개해 주세요","39"
"안전/환경","피해자 또는 예비피해자들을 괴물로만들지말아주세요.","6"
"정치개혁","민주노조에 가입할 세상이온다","1"
"육아/교육","유치원비 원래 이렇게 비싼가요? 한달 약50만원ㅠ","9"
"기타","조두순 무기징역을 원합니다.","61"
"반려동물","중원구청은 서울축산의 도살장비를 철거하라.","55"
"인권/성평등","Cj대한통운 노조탄압을 고발합니다.","25"
"정치개혁","최저임금 올려서 결국 다 올랐네","8"
"안전/환경","종교의 자유 이전에 국민의 안전권을 보장해야 한다.","20"
"문화/예술/체육/언론","연예인 관련 제한법 제정 촉구....","4"
"기타","천인공노할 사람에게 재심 청구할수 있게 힘 좀 보태주세요.","8"
"행정","국민건강보험공단의 부당과잉징수를 근절해주시기 바랍니다.","9"
"행정","탁상 행정의 결과","10"
"경제민주화","연말정산 신용카드 공제 현실화 청원","2"
"일자리","주52시간 건설현장은 빼주세요","7"
"일자리","청년정책 중 취업상담사에 대한 개선이 필요하다 느낍니다.","2"
"교통/건축/국토","주택 자기담보대출 비율 맘대로 묶어두지마세요","7"
"경제민주화","연말정산 신용카드 공제 현실화 청원","1"
"인권/성평등","흉악범죄자 출소 후 재범 발생 시 국가가 손해배상하는 법을 만들어주세요","15"
"기타","사형제 부활","14"
"교통/건축/국토","감사","0"
"교통/건축/국토","감사","0"
"경제민주화","존경하는 대통령님 자영업자들좀 살려주세요.","16"
"기타","조도순 포항 교도소 반대합니다","21"
"일자리","취임 첫날부터 좋은 일자리 만든다는 약속 왜 안 지킵니까??? 인맥사회 취업 이게 나라입니까????","9"
"보건복지","한국 담배인삼 공사와 복지부 없애자","2"
"보건복지","리드릭건물과장애인안전","0"
"인권/성평등","건물주의 폭행과 인격살인에 가까운 욕설,협박문자, 억울한 판결! 재수사 할수있게 도와주십시요!","57"
"일자리","최근 '상위-하위 소득격차 더 벌어져,,'에 대한 기사를보면서 고합니다","3"
"정치개혁","과학기술 과방송에서많은창조와혁신을이루었는데매일매일너무큰고통을당하고있습니다","2"
"일자리","고용노동부 근로감독관들의 행태에 대하여","8"
"미래","나라는막장망하는길로가는데.세금은더올리고잘한다 건강보험 없는서민죽이는길이다-이게 나라다운나라냐?","7"
"정치개혁","문대통령은 왜 배 침몰 및 각종 대내외적 사건사고의 대한...","6"
"보건복지","건강보험료 폭탄! 지역가입자 죽습니다.","34"
"행정","신용보증기금의 영세 사업자 죽이기","4"
"육아/교육","보육교사  휴계시간","29"
"보건복지","한 겨울 따뜻한 패딩 선물을 기초생활 수급자 친구들에게 주세요!","7"
"정치개혁","정부는 당장 주식 거래세 폐지 하라 반토막 계좌가 수두룩한데 거래세를 걷어","6"
"문화/예술/체육/언론","방탄소년단 팬클럽 아미의 회원가입에 나이제한을 두게 해주세요","7"
"정치개혁","주식 폭락조짐 임박 주식 개박살 임박","4"
"일자리","사업주도 국민입니다. 근로자만 보호해주지마시고 사업주도 보호해주세요.","13"
"육아/교육","교육기관 미세먼지 관리","2"
"경제민주화","삼성바이오 정상화 하라!!!!!","8"
"육아/교육","금산동초등학교 5학년 학생들은 담임교사가 또 교체되어 6번째 담임교사가 바뀌는 일이 발생하네요","1"
"일자리","개정된 근로기준법 연차규정이 불합리 합니다.","5"
"인권/성평등","살인자, 성범죄자 강력 처벌 요구드립니다.(조두순)","56"
"보건복지","소액 범칙금 미납자 통장 압류에 대하여...","13"
"안전/환경","[술없는 날] 이라도 지정해야 하는거 아닌가요.","2"
"기타","외국근로자 임금체불에 대한 외국인 노동 특별법 강화","2"
"일자리","소상고인 지원대출","5"
"외교/통일/국방","대통령님 북미 고위급회담 반드시 성사시켜 주세요","2"
"보건복지","한부모가정 지원혜택","12"
"문화/예술/체육/언론","롯데자이언츠 구단주 신동빈 회장님께","4"
"안전/환경","LH 임대 아파트 지상주차장 CCTV를 설치해 주세요","2"
"성장동력","제발 부탁이니 소득주도성장 철회해주세요","15"
"행정","노래연습장 캔맥주 판매를 허용해 주세요.","607"
"정치개혁","한국에서 잘사는법 널리퍼질수 있도록 청원합니다","3"
"보건복지","건강보험인상 반대","36"
"경제민주화","문재인 대통령님 세계적으로도 유래를 찾아보기 힘든 대형 경제범죄인 불법적인 회계 조작, 삼성물산과 제일모직의 합병에 국민연금을 이용한 이재용이를 일벌백계 처벌 바랍니다.","10"
"교통/건축/국토","원청의 갑질에 너무 억울해서 여러분의 도움을 청합니다","11"
"안전/환경","제발 소방관 인력 증원 좀 해주오.","118"
"교통/건축/국토","경차 화물차 와 일반화물차의 자동차 세금이 왜 다른가요???","1"
"교통/건축/국토","군산 동백대교 건설로 인해 주변 시민들은 하루하루 고통속에 살아가고 있습니다.","0"
"정치개혁","[출처: 중앙일보] 강연재가 공개한 ‘문재인 정권 내로남불 적폐 리스트 10’","7"
"교통/건축/국토","부동산 중개료가 너무 지나칩니다.","37"
"행정","불법영득의사가 없는 물건을 돌려준 시민에게 악질적인 괴롭힘을 가하는 것을 그만 하게 도와주세요","37"
"기타","결혼장려 및 출산장려정책","0"
"보건복지","건강보험 지역가입자 소득분만으로 보험료산정","19"
"안전/환경","조두순 및 음주 강력 범죄자 대상으로 술 판매 금지 관련 법안 마련 청원","29"
"안전/환경","조두순 왜 내보내는가","27"
"교통/건축/국토","임대사업자등록제 활성화정책으로 폭등 !!!","16"
"교통/건축/국토","---▶""임대사업자등록제""폐지 청원 원글(4,310명 동의중~)","12"
"경제민주화","서민과 청년들을 배신한 문재앙을 파면한다.~~~~~~~~~~~~~^^^^","15"
"경제민주화","서민과 청년들을 배신한 문재앙을 파면한다.~~~~~~~~~~~~~^^^^","15"
"인권/성평등","성폭력 사건","16"
"인권/성평등","문재인 대통령님!!!스토커처벌법 하반기에  엄중하게 중처벌로  징역으로 바뀐다면서요ㆍ 시행해주세요","1"
"외교/통일/국방","해군함선에여군함께 근무는 성문제 끊임없이 발생합니다?","6"
"육아/교육","한부모 가정에 자동차는 사치품인가요?","23"
"교통/건축/국토","저는 임대사업등록된 투사기꾼 추악한집에 들어가서 살기 싫습니다","18"
"인권/성평등","엉터리 판결규정과 엉터리 판사를 없애주세요","10"
"반려동물","동물보호법 강화해주세요 대체 언제 강화하실건가요","45"
"기타","중앙지방법원이 [등기사항증명서 등 수수료규칙 제6조 1항] 의 폐습과 악법을 거론하면서 민원발급수수료 현금 납부를 고수한다고하니,국민에게 불편과 폐습을 63년 동안 끼쳐온","2"
"정치개혁","문재인 대통령 하야해주세요","16"
"교통/건축/국토","일본의 맨홀뚜껑 디자인화를 보며.....","1"
"안전/환경","피 묻은 수술기구를 사람에게 던지는 의사","7"
"미래","울산지법 판사 김태규에게 '탄핵 제도'의 취지를 참교육 시켜주십시오","1"
"교통/건축/국토","음주운전 공직자 강력처벌 요구합니다","11"
"정치개혁","이재명의 정치(웃기는 세상이네)","11"
"인권/성평등","성범죄자, 살인자, 음주운전자 등 처벌강화 요청드립니다.","28"
"육아/교육","한부모가정분들 힘을 모아주세요.)) 1. 전 분명 한부모가정인데, 혜택을 못받습니다 // 2. CRPS환자들 장애인 등록해주세요 // 3. 한솔교육의 갑질 아닌 갑질에 제 돈만 날렸습니다.","12"
"육아/교육","조두순뿐만아니라 흉악범죄자들로부터 불안하지않는 삶을 만들어주세요.","31"
"보건복지","최저임금인상으로 한부모가정에서 탈락하게 되었어요 도와주세요..","54"
"기타","이것이  대한민국 검사인가?","6"
"안전/환경","성범죄 의사 OUT!","18"
"인권/성평등","조두순 출소 반대 및 사형제 부활","98"
"미래","국민과 공무원이 함께 잘사는 나라 만들어 주세요","9"
"교통/건축/국토","김해공항 BMW운전자 법원판결에 따른 법률 개정 및 강화를 요구합니다.","500"
"미래","대한의사협회를 법정단체 취소해주십시오.","9"
"인권/성평등","사람을 죽인자 이유 여하를 막론하고 사형시켜 주십시요","14"
"정치개혁","공정경제는 사회주의 공산주의식 나눠먹기인지 답변 청원합니다","3"
"일자리","뉴스브라이트 김수빈 기자를  처벌해 주세요","1"
"육아/교육","어린이집 교의 권리보장 (주말근무 초과 근무 년월차)","21"
"정치개혁","언론에 슬쩍 흘려놓고 안했다는 문정부-","4"
"인권/성평등","조선일보 손녀의 갑질... 문제를 심각하게 다뤄주세요","152"
"외교/통일/국방","군병원 대리수술 군의관 감옥보내주세요.","4"
"일자리","고창에서 편의점을 하고 있습니다. 문의 드립니다.","0"
"일자리","똥물에들어와서 똥은 묻이기싫어하는 정부 반성좀 해라","2"
"인권/성평등","이수역 폭행사건에 대하여","21"
"일자리","신한은행 도급회사 신한서브의 갑질로 계속적인 퇴직협박이 이어지다가 결국 일방적인 업무정지로 쫓겨났습니다","0"
"보건복지","빈둥거리며 여러가지 제안 생각하는게 제 낙인데","0"
"보건복지","국민연금 지급시기의 통일","4"
"정치개혁","청와대도 음주운전인가요!!  국회 음주운전 사건 때문에 화났는데 즉각 윤창호법 검토하세요!!!!","10"
"교통/건축/국토","모두가 잘 살기를 바라며...","3"
"미래","한국의 맨홀뚜껑 창의적 디자인화를 제안합니다.","1"
"기타","끔찍한 살인사건의 가해자 김성수에 대하여 강하게 처벌해 주십시오","7"
"기타","마루마루, ani 24에 대해 할 얘기.","29"
"정치개혁","여러가지","2"
"문화/예술/체육/언론","애니매이션 사이트에 대하여","22"
"인권/성평등","모든국민은 평등하다.","4"
"인권/성평등","조두순 무기징역으로!!!!!!!!!","47"
"기타","대통령님 이게 나라입니까?","43"
"기타","종편의 전문성 없는 평론","0"
"기타","엠넷 국장을 신고합니다","0"
"안전/환경","다이빙벨 이종인 사무실 화재 사건 재조사 청원합니다","534"
"기타","LGU+로 부터 부당한 배상을 요구 받고 있습니다.","5"
"일자리","건설업쪽에서 일했는데 똥값 때는거 없애주세요","5"
"인권/성평등","조선일보 손녀갑질 진상규명 30만돌파합시다","72"
"일자리","불법노점,푸드트럭  없애주세요.","16"
"기타","조두순 출소반대 될때까지 청원할 생각입니다","171"
"미래","장애인이 구청에서 하는재활근로를할수있게도와주세요","3"
"보건복지","국민건강보험제도","3"
"경제민주화","연탄값 인상하지마라 ~~!!!","4"
"기타","사기범죄인들의 형량 강화를 청원합니다","16"
"기타","대한민국의 기관은 뭐하는곳입니까?","12"
"일자리","청년건강 걱정할거면 경제살리기와 일자리를 만들어주셔야죠.","4"
"일자리","한심하다 ""소득주도성장"" 이라는 궤변.","7"
"기타","부당인사명령에 힘겨워하는 시민입니다","0"
"기타","조두순 사형이 안된다면 무기징역으로 출소를 제발 막아주세요!!","76"
"안전/환경","조두순","17"
"안전/환경","조두순, 성범죄자 출소를 앞 둔 상황, 피해자를 위한 보호법과 철저한 보호 대책을 강구해주세요.","19"
"일자리","중소기업좀 살려주세요 (최저임금)","7"
"정치개혁","문재인 대통령님 감사합니다","8"
"미래","조두순 출소 반대","48"
"인권/성평등","대형병원 신규간호사 태움!","9"
"기타","법원에 업무보러왔더니","5"
"행정","공공기관의 견제기관 설립 및 관리감독을 철저히 해주세요.","1"
"미래","음란물은 어디까지가 음란물인가?","4"
"인권/성평등","무인택배함의 범죄이용을 막고자 청년고용을 확대해주시고 주인찾아주고자 억울하게 물건 돌려준 불법영득의사가 없는 시민의 편파수사로 인해 빼앗긴 인권을 찾아주세요","16"
"안전/환경","소잃고 외양간 고치지마시고 조두순을 비롯한 성범죄자 영구격리바랍니다.","34"
"기타","양육비 지급 불이행에 대한 강력처벌 및 지급방법 강화","27"
"교통/건축/국토","DMZ(비무장지대) 개발 반대","7"
"육아/교육","20대 저소득한부모엄마도  공부할수있게해주세요","5"
"일자리","커풀폐지","20"
"일자리","일자리와 경기부양을 위해서, 권장소비자가 제도 부활이나, 최저판매가를 정하도록 해주세요~!","2"
"경제민주화","대한민국의 미래산업을 과감한 정책지원으로 육성발전시켜주세요","22"
"인권/성평등","몰카 다운로드 받아서 보는 사람들도 처벌해 주세요.","7"
"일자리","모바일쿠폰 업계를 사장시키는 인지세 부과 철회를 청원합니다.","415"
"행정","적은 월급에 세금은 폭탄이고, 국민연금은 바닥난다는데 대한민국은 청원은 어떻게 살라는 말입니까","15"
"미래","조두순의 출소를 반대함과 동시에 성범죄자들의 사형 및 강제추방을 요구합니다.","47"
"미래","조두순 출소반대","93"
"외교/통일/국방","오늘은 연평도 포격 8주년...","9"
"육아/교육","외국인 한국어 검증이 왜 특정기관에 혜택을 주는 용도로 사용되는 것입니까?","42"
"정치개혁","국민을 위한 정부가 아니고 국민을 위해하는 정부다","16"
"기타","문통님과 정부관계자 여러분에게 응원의 한마디하려고 왔습니다.","5"
"미래","공무원연금 수준으로 국민연금을 개혁해 주세요","14"
"보건복지","180cm의 건장한 체격의 제 사촌동생이 싸늘한 주검이 되어 돌아왔습니다.","5,687"
"경제민주화","대통령님, 이것은 혹시 재벌갑질이 아닌지 답변을 요청합니다.","3"
"육아/교육","투기목적의 어린이집,유치원을 고발합니다.","274"
"정치개혁","공정하고 정의로운 정치를 부탁드립니다.","2"
"행정","의료보험의 불합리함을 지적합니다,","6"
"인권/성평등","심신미약빌미의 강력범죄 처벌강화법안이 국회에서 잠자고 있습니다.","32"
"외교/통일/국방","민족과 통일을 생각한다","2"
"안전/환경","문재인아 도심에 창궐한 까마귀떼좀 처리해라","5"
"기타","공매도금지좀시켜쥬쇼","13"
"정치개혁","국가연구과제 관리의 일원화 요구","0"
"안전/환경","저수지 태양광 패널설치 재고요청","1"
"미래","북한과의 협력 발전 및 친환경 에너지 정책을 위한 아이디어 제안","3"
"안전/환경","문재인 대통령님께","1"
"정치개혁","조두순 출소시키지 말아주세요.","110"
"문화/예술/체육/언론","적당히 좀 하세요.","41"
"농산어촌","저수지 태양광 설치 재고","5"
"미래","국민청원을  정치적으로  악용을  하는지???","0"
"보건복지","치과 금니(골드크라운) 규정(규격)이 없어 피해봤습니다.","5"
"기타","대법원의 이상한 판결으로 여호와의 증인들이 더 활개치고 다닌다~!!","5"
"저출산/고령화대책","퇴직연금을 찾을 수 있는 방안 마련이 필요합니다","3"
"문화/예술/체육/언론","이번 기회에 무조건 티비 조선의  종편 허가 취소 청원 해서 제발~ 국민들의 소원대로 이뤄어냅시다!","76"
"보건복지","의료사고로 숨진 김민주 씨에 대한 병원과 법원의 터무니 없는 판결을 바로 잡아 주기를 청원합니다","37"
"일자리","주52시간 악용하는기업 평화산업","516"
"정치개혁","꼰대발언","1"
"보건복지","국립 중증 장애인 보호시설를 설치헤 주세요","13"
"인권/성평등","자고있는 남동생 발기사진을 올린 누나를 강력처벌해주세요","8"
"기타","국민 한사람의 목소리는 목소리가 이닙니까?","3"
"교통/건축/국토","어린이보호구역을  만들어놓고 시속80이상 달리는곳이 보호구역 맞는지요 제대로 지키도록 합시다","7"
"교통/건축/국토","용산공원 과 서울 요지에 임대주택 건설 요청","7"
"안전/환경","공항공사는 주민의 목소리에 귀를 귀울이세요,김포공항 국제선 계류장 항공기소음 및 항공기 매연부터 개선시켜 주십시요 여름에는 살 수가 없습니다 (인간의 기본적인 생활권임)","1"
"일자리","직장내 괴롭힘 신고에 대해","1"
"안전/환경","조두순 출소반대, 신상공개 요청","113"
"미래","기업간 모든거래를 카드로 합시다","1"
"외교/통일/국방","화해 치유 재단 일본출연금 10억엔의 활용 제안","0"
"인권/성평등","조두순출소를막아주세요","61"
"행정","제 아들이 횡단보도에서 뺑소니를 당했습니다. 횡단보도 사고를 예방해 주십시요.","7"
"기타","만화,애니 좀 건들지 마세요!!!","17"
"미래","대통령님 언제쯤 직접 나라를위해 일하실건지요","14"
"행정","명성교회 비리를 조사하라.","14"
"정치개혁","좌파 지도자들의 한결같은 민낯!!!!!!","8"
"정치개혁","청소년 범죄 처벌을 강화해주세요.","17"
"행정","벌거벗은 임금님","7"
"정치개혁","나라가살길은 문재인을 퇴진시커야 나라가 삽니다","20"
"교통/건축/국토","공공임대아파트 청약의맹점","1"
"기타","유튜브나 막아라","0"
"안전/환경","어두운 골목에 가로등을 많이 설치해주세요.","7"
"보건복지","국민 건강보험","10"
"행정","독립운동 유족 주택 특별공급","6"
"기타","이토랜드 불법공유 싸이트 수사 바랍니다","1"
"정치개혁","조두순 석방 반대","60"
"외교/통일/국방","사유재산인,개성공단 입주업체가 시설 점검도 하러가지 못 하나요?내정간섭 아닙니까?","17"
"보건복지","의료기사 보수교육및 온라인 등록비 현실적 제안","5"
"행정","연말마다 요구하는 주소이전","1"
"교통/건축/국토","음준운전자 처벌강화","26"
"보건복지","의료기사 보수교육및 온라인 등록비 현실적 제안","1"
"교통/건축/국토","임대주택제도을 없애거나 혜택을 줄이면 지금 세입자들은 어떻게?","4"
"안전/환경","경찰대형버스 매연과 관련하여","1"
"육아/교육","중,고등학교 등교 시간을 9시까지로 해주세요.","4"
"안전/환경","혁신도시2 정책에 한국지역난방공사 나주 이전 반영해주세요.","1,064"
"정치개혁","붉은 안경을 끼고 세상을 바라보면 세상 전체가 붉은 세상으로 보이죠!!!!!!","2"
"보건복지","중소기업 중견기업 다니시는 분들 꼭좀 봐주세요.","2"
"교통/건축/국토","타워크레인 기사들의 불법행위 및 집단행위 근절을 위한 재 호소문","616"
"문화/예술/체육/언론","청와대에 민화기증 하려고 합니다","1"
"보건복지","주52시간은 참 나 주 90시간 넘게 일하면서 짤릴까 두려워 초과근무 수당 및 연차쓰고 출근해서 일하는데","10"
"교통/건축/국토","택시업계 파업하고 잘들헌다 시민들 발 묶어놓고","7"
"외교/통일/국방","남로당 괴수 박헌영의 최후!!","6"
"정치개혁","국민청원제 명칭을 시민제안제도로 바꾸자","0"
"보건복지","건강보험공단에서 건보료인상 했다 그만 좀 인상해라 문정부 씨벌것들아","13"
"행정","남대문경찰서 옥상 광고판에 시계 등 보편정보 제공을.","1"
"기타","불법노래방 도우미와보도방 강력단속요구합니다","8"
"기타","예비군","4"
"기타","불법노래방 도우미와보도방 강력단속요구합니다","4"
"교통/건축/국토","여의도 재건축 막아 주세요.","19"
"정치개혁","1차 대전 패망후 암울했던 독일에 화려한 장미빛 미래를 제시하며 열광적인 지지를 받았던 힛틀러!!!","1"
"기타","정치경찰 피의사실 발표는 불법 자치경찰로 정상화 청원^^*","1"
"기타","국가유공자","2"
"외교/통일/국방","헌법재판소의 판결을 어기고 거슬릴려고 하는 화성시장 및 화성시민들 강력하게 처벌! 수원 제 10전투비행단을 화성 화옹지구로 당장 이전!","67"
"안전/환경","카셰어링(=차량공유 렌터카) 음주 운전 대학생 3명사망 - 언제까지 그냥 두실겁니까?","10"
"일자리","청년취업율을 떨어뜨리는 방법도 많네요.","4"
"인권/성평등","사행성혈관종이란 질환에 관하여 희귀난치병 등록","0"
"기타","문재인  대통령  올해12까지 탄핵 시켰으면좋겠습니다","19"
"안전/환경","가습기살균제 피해 엄마의 마지막 절규","470"
"육아/교육","경찰, 법원, 학교, 인권위의 실상","252"
"기타","현재 권력과 미래권력 권력 암투 대통령 지지율 40% 갈수있다.^^*","2"
"행정","삼바주식 매입에 개입한 국민연금관리공단 직원들 색출, 고발해주세요!","10"
"육아/교육","첫째 일반원아도 유치원에 가고싶어요!!처음학교 지원을 개선해주세요","14"
"교통/건축/국토","불법 방쪼개기및 심지어 무자격 건축지도까지 하는 건물주들 강력히 처벌 부탁드립니다.","2"
"정치개혁","개헌 은 언제 하려나","3"
"육아/교육","사립학교법 개정은 누구를 위해 못하는지요?","6"
"미래","■삼성을 비리 덩어리로 만들고 있는 삼성일가와 이재용이는 물러나라.","6"
"안전/환경","18년8월 시행된 소방차 전용구역 주차 위반 과태료, 기존 아파트는 적용 안된다 ? 화재시 안전은 ?","2"
"보건복지","예산470조 풀면 머하나 건보료나 쳐 올려 놓고","6"
"일자리","청년 취업 팩키지 지원금이 하위 50%에는 지원이 안돌아가게 되어 있는 구조 의 문제점","1"
"안전/환경","주취자가  택시기사 폭항","7"
"안전/환경","주취자가  택시기사 폭항","2"
"외교/통일/국방","김정일 위원장과 대통령님의 독도 방문 요청","1"
"행정","문재인 대통령 지지율 52.6프로 확인","1"
"정치개혁","행정, 입법, 사법 수장들은 들으라. 선지자의 외침이다.","0"
"외교/통일/국방","국가 말아먹는 일등공신..","8"
"정치개혁","청와대 홈페이지 개혁 반대 청원합니다. (사법부 청원이 청와대 권한 밖이라하니 기가 찬다)","2"
"교통/건축/국토","해남 엘에이치아파트","1"
"안전/환경","음주운전","1"
"일자리","불법을 자행하는 민주노총을 처벌하라","21"
"인권/성평등","관악구 신사동 노인범죄 좀 해결해주세요","1"
"경제민주화","미래 경제성장에 에너지를 집중해 주셨으면 합니다(정치인과 국민들께)","0"
"기타","우리는 조두순과 같은 살인미와 같이 살기싫다","100"
"기타","게약시 약관 표시내용관련","1"
"일자리","기초생활수급자녀 취업건","4"
"교통/건축/국토","정부는 택시회사 눈치 보지 말고 카플 도입에 적극 나서라","9"
"교통/건축/국토","대전 조정지역 유력?","10"
"미래","조두순 얼굴공개!!!!!","88"
"인권/성평등","지방법원들의 만행과 개인회생 36개월 단축 전국으로 시행하라...","14"
"인권/성평등","조선일보 손녀 갑질 규탄 6000명 돌파","78"
"정치개혁","여성가족부 폐지 건의","27"
"미래","서민을 위한 정책을 해주세요 중요합니다","2"
"육아/교육","태어나면서 부터 흉터인데 성형이나 치과로 의료보험이 안되네요","5"
"경제민주화","문재인 대통령님 61억으로 500조를 지배하는 마법- 삼성에서 이재용 일가가 떠나야 하는 이유이며,삼성바이오로직스를 반드시 상장폐지 시켜야 할 이유 입니다.","13"
"미래","어린아이에게 영원히고통을준 조두순 2020년출소반대!!!","100"
"행정","증권거래세 손봐야~~~","5"
"정치개혁","여성부 폐쇄좀 해줘요","2"
"일자리","청소년알바","1"
"기타","자치경찰 YES.정치경찰 NO^^*","2"
"교통/건축/국토","영업용자동차 택시 등 비법인 공제로 운영하던 것을 법인 공제조합(손해보험)으로 운영할 수 있도록 조합원(국민)여러분이 바꿔주세요.","166"
"경제민주화","양도소득세율 인하  하여주십시오!","1"
"인권/성평등","조두순2년후..무섭고두렵고 너무나 떨리네요","28"
"경제민주화","사기죄 엄히 다뤄주세요","208"
"인권/성평등","술쳐먹고 범죄저질리도 관대한 대한민국","16"
"안전/환경","인천공항과 용산역 65세 이상 노인 뇌졸중 예방과 관련하여","0"
"외교/통일/국방","국가유공자 무시 외면","2"
"보건복지","방사능 측정기 가격을 낮춰주세요","3"
"경제민주화","국가를믿고투자했습니다","7"
"성장동력","증권거래 각종 규제 철폐","5"
"경제민주화","삼성 바이로직스로 끝냅시다...","5"
"행정","0.001 !. 너무나 큰 차이의 천당과 지옥,  분명 잘못한 행위이지만 ""오차가 있을 수 있기에"" 선처가 필요하다고 봅니다.","5"
"문화/예술/체육/언론","왜 갑자기 마닷이 이슈가 돼고 비난을 받아야 하나요?","23"
"성장동력","소득주도 성장포기해라","6"
"보건복지","면역항암제의 빠른 의료보험실시 요망합니다","12"
"정치개혁","1950년대 호주기자의 한국유권자에 조언","0"
"기타","민노총은 설득의 대상이 아니라 청산의대상입니다","20"
"안전/환경","경기도김포시 불법업소(영업허가세금탈루,카드깡세금탈루,불법유사성행위,불법성매매,불법호객행위)를 제발 근절되게 힘써주십시오!!","6"
"일자리","이제라도 인기영합말고  기업인,중소기업인,중소상공인들의 목소리에 귀를 기울이시길,,,","5"
"농산어촌","귀농 정책 고쳐주세요.","7"
"교통/건축/국토","사당역주변 끔찍한 교통지옥을 해결해주세요","7"
"보건복지","장애인","0"
"교통/건축/국토","미친집값 제대로 잡아주고 관련자들 강력하게 처벌해주세요.","17"
"정치개혁","문제인지지자에서 적극적인 반대자로 돌아선 이유","16"
"정치개혁","안, 이, 박, 김 .. 살생부 답변요망","8"
"인권/성평등","서울역 노숙자쉼터 희망지원센터 문제에 관하여","1"
"외교/통일/국방","문재인 정권  적당히좀 하세요~  자국민이 우선이지 북한 인권 사업이 우선입니까?","32"
"성장동력","소득주도성장의 허구와 국가주도발전전략","4"
"성장동력","한국경제의 근원적 문제는 문화다","1"
"인권/성평등","방정오 딸 국외 추방을 하여주십시오.","35"
"인권/성평등","대기업  사장일가  비서.운전기사  월급 전수 조사 요청","15"
"성장동력","주 52시간을 주60시간으로 다시 바꿔야합니다.","8"
"정치개혁","이재명지사 경찰간부 뇌물수수혐의고발  지지","11"
"교통/건축/국토","기획부동산사기","12"
"일자리","최저임금관련 9000번째 청원입니다.","4"
"일자리","삼성의 운전기사 언론 갑질!!!","4"
"육아/교육","sbs 아동학대","844"
"기타","음주운전 단속을 반대합니다.","4"
"인권/성평등","민주노총의 투쟁을 대통령께서 수용하셔야 합니다.","2"
"기타","쳥와대는 국민들의 아우성이 들리지 안니한가?","10"
"교통/건축/국토","신공항은 가덕도","6"
"외교/통일/국방","일제강제징용노동자상 조속히 부산영사관앞에 설치를 해주세요.","0"
"육아/교육","국가는 학생들을 지켜주어야 합니다.","26"
"경제민주화","사이비종교집단들 척결해 주세요.","13"
"기타","인천 중학생 아파트 옥상에서 추락사 시킨 중학생 4명 엄벌에 처해야합니다","174"
"경제민주화","삼성전자서비스 비호한 고용노동부 정부감사를 촉구합니다.","2"
"기타","조두순은 세상에 절대로 내보져서는 안되는괴물입니다","46"
"일자리","파리빠게트 성추행 힘들었습니다. 이젠","6"
"인권/성평등","영장없이 임의동행인 상황에서 감금강요상해까지","0"
"교통/건축/국토","민정 수석 비서관  면담","2"
"정치개혁","국회의원을 6배 액면분할 해주세요","2"
"교통/건축/국토","택시 별점및 리뷰 시스템 도입 청원합니다","8"
"인권/성평등","신촌역 유플렉스 핀란드인 노숙인","0"
"경제민주화","조만간 당신들~~","5"
"저출산/고령화대책","산전육아휴직 및 3년 육아휴직 기간 보장","32"
"인권/성평등","서울남부교도소 교도행정과 관련하여","0"
"문화/예술/체육/언론","혐한매국기자 강대호 국적박탈, 영구추방해주세요","29"
"보건복지","나영이 사건. 조두순 출소 완강히 반대, 법 개정 요구","255"
"인권/성평등","제억울함풀어주세요","2"
"행정","한성대학교 시각디자인과 진씨의 성폭행과 협박죄를 묻어준 강남경찰서 양경장 징계해 주세요","4"
"인권/성평등","인권이 억압받는 서울특별시립은평병원(2)____정신건강복지법에 의거","1"
"경제민주화","문재인 정부는 국민 피빨아 먹는 흡혈귀 정부이다(잘나가던 경제 파탄내고 국민을 온통 고통속으로 몰고간다) - 직무유기하고 있는 금융위원장 최종구를 해임하고 외인이 국민 피빨아 먹는 공매도를 즉시 폐지하라.","31"
"정치개혁","한국과 한국인비하하는 혐한이적 사이트 제재해야합니다. 그리고 외국인정책 강화해주세요","10"
"일자리","실업급여","3"
"기타","국내 유통되는 국산브랜드 과자 해명좀","2"
"인권/성평등","인권이 억압받는 서울특별시립 은평병원","1"
"미래","주 52시간 근로시간 단축법 개정","10"
"보건복지","한국평가원장의 소신발언을 문재인 정부는 적극 수용하여야 한다","4"
"성장동력","강성노조 잡지 못하면 한국경제 미래는 없습니다","7"
"일자리","신한은행 도급회사 신한서브의 갑질로 계속적인 퇴직협박이 이어지다가 결국 일방적인 업무정지로 쫓겨났습니다","1"
"보건복지","집화장실에서 금연","3"
"인권/성평등","출소 후 조두순에게 마지막 기회를 줍시다.","20"
"인권/성평등","KBS  11/22  뉴스  만취 승객  고속도로 상에 택시기사 폭행","6"
"정치개혁","+ 성 매 매 특 별 법 + + 폐 지 하 라 +","1"
"보건복지","조두순 막아주세요~~","19"
"인권/성평등","부당함을 당했는데, '~관련 법이 없어/ 미흡해' 이라는 소리만 듣고 도움 못받는 사람 손","0"
"정치개혁","""ytn 뉴스나이트 김선영앵커.이눔 재발 정리좀 해라~!""","1"
"정치개혁","65세 부터 정치못하게 해주세요. 법으로","5"
"행정","아산순천향점GS25시편의점을조사해주세요","6"
"기타","국내 정유사와 통신사의 독과점으로 인해 가계 경제가 죽어가고 있습니다","0"
"안전/환경","양식장 김에 공업용  염산을  뿌리는 행위를 엄벌하여  주시고 이들 토착세력에 방관하는  해경의  감찰을 청원합니다","9"
"인권/성평등","서울역 노숙 문제 해결해 주시기 바랍니다.","4"
"보건복지","난방유 등유 한시적 인하요청","11"
"안전/환경","김해공군부대,해군6역사단","0"
"인권/성평등","조선일보 갑질손녀 네이버 기사에서 다룬 원본 청원글","32"
"정치개혁","법 개정,강화 시급합니다. 대통령님 귀 기울여 주십시오.","6"
"안전/환경","조두순 출소 반대합니다.","66"
"문화/예술/체육/언론","마루마루사이트에 대한 개편","20"
"정치개혁","한번 여쭤보죠","1"
"보건복지","물리치료사 성추행 및 처우개선","5"
"보건복지","고등학교 수행평가임 클릭하지 마셈","1"
"안전/환경","소방관들의 처우 개선","82"
"인권/성평등","PC방 살인에 대한 '김성수'씨 감경이 필요한 이유","7"
"일자리","청년 실업률 감소","3"
"외교/통일/국방","공동 경비구역에 한반도기를 달아주세요.","1"
"교통/건축/국토","노후 차량 페차 하게  해주세요","1"
"안전/환경","사형제도 부활시키고 집행도 해주세요","30"
"경제민주화","과거 노무현 때 처럼 어물쩍 정치적 타협은 안된다.","2"
"정치개혁","이재명 경기도지사 점점 궁지에 몰리는 중... (Feat. 명탐정 코난)","8"
"일자리","국가직무능력표준 ncs 수정요구","4"
"경제민주화","파렴치 범죄자 삼성 이재용 즉각 구속하라!!","3"
"외교/통일/국방","조치부탁드리겠습니다.","1"
"정치개혁","국회감리 기구 창설의 건","2"
"인권/성평등","의무 복무 기간중 가벼운 형사범죄 사면해주세요","2"
"문화/예술/체육/언론","미디어 모바일 콘텐츠 산업 정책과 규제 개정을 제안합니다","0"
"육아/교육","수시펴지  정시확대","19"
"정치개혁","정신까지 죽어가는 요즘 아이들 어디까지 보기만 ?","15"
"미래","세금","1"
"정치개혁","반려동물 유기 처벌을 더욱 강화시켜주세요.","24"
"인권/성평등","조선일보 손녀 갑질 규탄 5700명 돌파","35"
"정치개혁","사형제도를 실시하자!","7"
"외교/통일/국방","DMZ에서의지뢰유지","1"
"육아/교육","정시 100프로 제안합니다!","25"
"보건복지","공적 연금 제도의 개혁이 필요합니다!!","4"
"행정","불법현장 민원 접수한 목수가 피의자로 행정기관에서 경찰에 고발되고 시공업자는 절대보호하는 구청직원","9"
"육아/교육","시골초등학교에도 보건교사를 보내주세요","2"
"교통/건축/국토","제발 우리아파트좀 살려주세요","3"
"정치개혁","언제까지 소통만 할 겁니까? 소통을 넘어 실질적 해결이 가능한 청원제도를 제안합니다.","50"
"보건복지","산제요청","1"
"인권/성평등","미성년자의제강간, 아동복지법 위반 범죄자의 형량 강화를 요청합니다.","30"
"기타","서울의 한 유명 대학의 연극영화과 교수로부터 성추행,폭행 당했습니다. 신변 보호 요청합니다.","8"
"인권/성평등","지하철역 이름 바꿔주세요.. 지하철은 남성들의 전유물이 아닙니다.","4"
"일자리","언제까지 경제실험을 하나요..고용없는 소득주도.....","7"
"행정","(6차 국민청원) 대법원의 인맥과 시청의 인맥으로 각계각층 친일파 후손 등과 일본놈들이 나라에서 보관 관리하던 수백만 평의 나라 땅 개인 땅을 강탈해갔습니다.","531"
"기타","조두순 출소 강력 반대합니다","72"
"기타","국회의원 서민법안 몰라요","2"
"인권/성평등","조두순","41"
"기타","대한민국 법개정 좀 제대로 해주세요","4"
"인권/성평등","야심한밤 달리는폭주족","6"
"기타","이슈텃밭 2. 주거 X유니버설싱크대","37"
"일자리","예산이모자르시면 중국에 차관을빌려서라도 돈을뿌려야합니다","1"
"외교/통일/국방","소년법  빨리 개정해주세요","25"
"인권/성평등","조두순 (나영이 사건) 사형으로 평생 감옥에서 혼자 독방으로 살게 하세요.","51"
"육아/교육","청소년 학교 두벌자유화","1"
"정치개혁","지방주요도시에 더 강력한 개발정책이 필요합니다","1"
"미래","범죄(살인)에 대한 법 강화요구","11"
"일자리","경제만살리면됩니다 속도전입니다","1"
"안전/환경","강서구 PC방 살인 사건 김성수 그리고 공범 동생 (Feat. 명탐정 코난)","7"
"육아/교육","특목고를 위한 수능인가?","9"
"정치개혁","2030세대가 응시하는 모든 시험을 절대평가화해야합니다","0"
"기타","TV프로그램  속 일회용품 사용 규제를 요구합니다","26"
"안전/환경","문재인대통령님. 법 개정 그냥 손놓고 있으실 겁니까!","27"
"정치개혁","전관예우 원스트라이크아웃제청원합니다","2"
"인권/성평등","나쁜 종교인들도 강력하게 처벌해 주세요","6"
"정치개혁","로스쿨을 강력하게 밀어주어야합니다","0"
"기타","양띵(양지영)구속 글 삭제","1"
